Date,New cases,New cases (weekly reporting),Cumulative epidemiological link cases,Cumulative cases,Cumulative Vancouver Coastal,Cumulative Fraser Health,Cumulative Island Health ,Cumulative Interior Health,Cumulative Northern Health,Out of province,Hospitalization (Currently in hospital,Hospital admissions (reported weekly),ICU (Currently in ICU,Recovered,Deaths,Deaths (reported weekly),Cumulative deaths,Active cases,New tests,Tests performed,Positivity rate,Cumulative positivity rate,Omicron cases (cumulative),B.1.1.7 (UK Cumulative total,B.1.351 (SA Cumulative total,P.1 (Brazil Cumulative total,B.1.525 (Nigeria Cumulative total,"Active (""confirmed"" VOC",http://www.bccdc.ca/about/news-stories/stories/2020/information-on-novel-coronavirus,Reported #s are typically from the previous day (two days in the case of Mondays.,
2020-01-28,1,,,1,1,0,0,0,0,,,,,,0,,0,1,,,,,,,,,,,"""The person had returned from Wuhan and began experiencing symptoms on January 26, with self-isolation beginning immediately.""",,#VALUE!
2020-02-04,1,,,2,2,0,0,0,0,,,,,,0,,0,2,,,,,,,,,,,,,0
2020-02-06,2,,,4,4,0,0,0,0,,,,,,0,,0,4,,,,,,,,,,,,,0
2020-02-14,1,,,5,4,0,0,1,0,,,,,,0,,0,5,,,,,,,,,,,,,1
2020-02-20,1,,,6,4,1,0,1,0,,,,,,0,,0,6,,,,,,,,,,,,,-1
2020-02-24,1,,,7,4,2,0,1,0,,,,,,0,,0,7,,,,,,,,,,,,,-1
2020-03-03,5,,,12,8,3,0,1,0,,,,,,0,,0,12,,,,,,,,,,,Two press releases on 03 - MAR ,,-1
2020-03-04,1,,,13,9,3,0,1,0,,,,,,0,,0,13,,,,,,,,,,,,,0
2020-03-05,8,,,21,15,5,0,1,0,,,,,,0,,0,21,,,,,,,,,,,Press release from march 5th mis-labelled on CDC website as march 6th; data reported as march 5th per the time stamp on the release. ,,-2
2020-03-06,0,,,21,15,5,0,1,0,,,,,,0,,0,21,,,,,,,,,,,,,0
2020-03-07,6,,,27,17,9,0,1,0,,,,,,0,,0,27,,,,,,,,,,,,,-4
2020-03-08,-,,,-,-,-,-,-,-,,-,,-,-,-,,-,,,,,,,,,,,,Data not reported on Sunday (next day is two day totals,,#VALUE!
2020-03-09,5,,,32,19,12,0,1,0,,,,,,1,,1,31,,,,,,,,,,,"""Lynn Valley outbreak resulted in Canada's first death""",,#VALUE!
2020-03-10,7,,,39,24,14,0,1,0,,,,,,0,,1,38,,,,,,,,,,,,,-2
2020-03-11,7,,,46,26,18,1,1,0,,,,,,0,,1,45,,,,,,,,,,,,,-4
2020-03-12,7,,,53,32,19,1,1,0,,,,,,0,,1,52,,,,,,,,,,,Two long-term care facility staff were named in this report but not the health region where they reside - one has been allocated to VCH and the other to Fraser,,-1
2020-03-13,11,,,64,43,19,1,1,0,,,,,,0,,1,63,,,,,,,,,,,,,0
2020-03-14,9,,,73,50,20,1,2,0,,,,,,0,,1,72,,,,,,,,,,,,,0
2020-03-15,-,,,-,-,-,-,-,-,,-,,-,-,-,,-,,,,,,,,,,,,Data not reported on Sunday (next day is two day totals,,#VALUE!
2020-03-16,30,,,103,-,-,-,-,-,,6,,-,-,3,,4,,,,,,,,,,,,"No regional data reported here, focus was on pacific dental conference",,#VALUE!
2020-03-17,83,,,186,116,47,12,7,4,,-,,-,-,3,,7,,,,,,,,,,,,"""seven patients are in acute care""",,#VALUE!
2020-03-18,45,,,231,144,58,16,9,4,,13,,7,-,0,,7,,,,,,,,,,,,,,-9
2020-03-19,40,,,271,152,81,22,12,4,,17,,9,5,1,,8,258,,,,,,,,,,,,,-20
2020-03-20,77,,,348,200,95,30,19,4,,22,,10,6,1,,9,333,,,,,,,,,,,Deaths inferred from surrounding days,,-7
2020-03-21,76,,,424,230,126,37,27,4,,27,,12,6,1,,10,408,,21296,,,,,,,,,Lab testing priorities switched on this date.,,-23
2020-03-22,-,,,-,,,,,,,-,,-,-,-,,-,,,26681,,,,,,,,,Data not reported on Sunday (next day is two day totals,,99
2020-03-23,48,,,472,248,150,39,30,5,,33,,14,100,3,,13,359,,,,,,,,,,,,,-120
2020-03-24,145,,,617,330,194,44,41,8,,59,,23,173,0,,13,431,,,,,,,,,,,"""The provincial health officer said the large number of cases announced Tuesday covers almost two days worth of testing, as Mondayâ€™s virus briefing was held hours earlier than usual.""",The numbers here https://mountainmath.ca/shiny/canada_covid-19/ have potentially corrected for this?,-33
2020-03-25,42,,,659,339,218,47,46,9,,64,,26,183,1,,14,462,,,,,,,,,,,,,-19
2020-03-26,66,,,725,359,241,52,62,11,,66,,26,186,0,,14,525,,34561,,,,,,,,,,,-7
2020-03-27,67,,,792,391,262,57,70,12,,73,,-,275,2,,16,501,,,,,,,,,,,"""Absent from the text update was an estimate of suspected cases that have not been confirmed with a positive test. """,,-13
2020-03-28,92,,,884,444,291,60,77,12,,81,,52,396,1,,17,471,,36643,,,,,,,,,,,-22
2020-03-29,16,,,900,,,,,,,-,,-,-,-,,-,,,,,,,,,,,,Data not reported on Sunday (next day is two day totals,,214
2020-03-30,70,,,970,472,323,67,94,14,,106,,60,469,2,,19,482,,42028,,,,,,,,,"""So 469 people have been released from isolation, including over 70 who were in hospital of ICU over the last few weeks""",,-229
2020-03-31,43,,,1013,476,348,67,107,15,,128,,61,507,5,,24,482,,,,,,,,,,,Ambulance data have now been reported two days in a row (giving both the previous day and the corresponding same day from a week earlier - they are entered for the actual day that the calls were made,,-12
2020-04-01,53,,,1066,497,367,72,114,16,,142,,67,606,1,,25,435,,,,,,,,,,,"Emergency room data sporadically reported and are entered for actual date, and not reporting date",,-12
2020-04-02,55,,,1121,525,386,72,121,17,,149,,68,641,6,,31,449,,,,,,,,,,,Total number of identified cases worldwide topped 1 million,,-12
2020-04-03,53,,,1174,541,412,74,126,21,,146,,64,673,4,,35,466,,,,,,,,,,,,,-21
2020-04-04,29,,,1203,,,,,,,149,,68,704,3,,38,461,,,,,,,,,,,,,286
2020-04-05,26,,,1229,,,,,,,137,,,,,,,,,,,,,,,,,,,,0
2020-04-06,37,,,1266,586,450,79,128,23,,140,,72,783,1,,39,444,,,,,,,,,,,,,-322
2020-04-07,25,,,1291,603,458,79,128,23,,138,,66,805,4,,43,443,,51423,,,,,,,,,,,-8
2020-04-08,45,,,1336,615,487,81,130,23,,135,,61,838,5,,48,450,,"52,412",,,,,,,,,,,-27
2020-04-09,34,,,1370,626,508,82,130,24,,132,,68,858,2,,50,462,,,,,,,,,,,,,-21
2020-04-10,40,,,1410,629,539,84,132,26,,128,,65,879,5,,55,476,,"53,505",,,,,,,,,,,-29
2020-04-11,35,,,1445,642,558,84,135,26,,134,,63,905,3,,58,482,,,,,,,,,,,,,-16
2020-04-12,25,,,1470,,,,,,,,,,,,,,,,,,,,,,,,,"partial data reported for the sunday, but not complete ",,423
2020-04-13,20,,,1490,650,591,87,136,26,,137,,58,926,11,,69,495,,,,,,,,,,,,,-455
2020-04-14,27,,,1517,658,601,89,141,28,,134,,58,942,3,,72,503,,"58,626",,,,,,,,,,,-5
2020-04-15,44,,,1561,670,623,92,146,30,,131,,59,955,3,,75,531,,,,,,,,,,,,,-17
2020-04-16,14,,,1575,670,630,94,149,32,,120,,56,983,2,,77,515,,,,,,,,,,,,,-4
2020-04-17,43,,,1618,,,,,,,119,,52,966,0,,78,574,,,,,,,,,,,,"Note: they changed their criterion for ""recovered"", and I guess one death was missed somewhere earlier...",481
2020-04-18,29,,,1647,686,680,97,150,34,,115,,54,984,3,,81,582,,,,,,,,,,,,,-530
2020-04-19,29,,,2956,,,,,,,,,,,3,,84,,,,,,,,,,,,,,530
2020-04-20,23,,,2927,700,705,102,153,39,,104,,49,1039,2,,86,1802,,,,,,,,,,,,,-552
2020-04-21,25,,,2904,707,715,109,153,40,,109,,51,1041,1,,87,1776,,,,,,,,,,,,"Note: Changed testing criterion to ""universal"" encouraging everybody with even mild symptoms to get tested.",-10
2020-04-22,71,,,2879,745,747,110,153,40,,103,,46,1079,3,,90,1710,,,,,,,,,,,,,-32
2020-04-23,29,,,2808,755,760,111,156,42,,103,,44,1092,4,,94,1622,,,,,,,,,,,,,-10
2020-04-24,29,,,2779,767,772,114,158,42,,96,,41,1114,4,,98,1567,,,,,,,,,,,,,-10
2020-04-25,95,,,2750,778,853,115,160,42,,96,,41,1137,2,,100,1513,,,,,,,,,,,,,-79
2020-04-26,39,,,2655,,,,,,,,,,,,,,,,,,,,,,,,,,,693
2020-04-27,11,,,2616,795,879,117,164,43,,97,,36,1190,3,,103,1323,,,,,,,,,,,,,-715
2020-04-28,55,,,2605,803,918,119,168,45,,94,,37,1231,2,,105,1269,,,,,,,,,,,,,-35
2020-04-29,34,,,2550,811,941,120,169,46,,89,,35,1305,4,,109,1136,,,,,,,,,,,,,-22
2020-04-30,25,,,2516,815,961,120,170,46,,82,,30,1322,2,,111,1083,,,,,,,,,,,,,-19
2020-05-01,33,,,2491,823,978,121,174,49,,79,,24,1357,1,,112,1022,,,,,,,,,,,,,-13
2020-05-02,26,,,2458,832,992,123,175,49,,72,,23,1376,2,,114,968,,,,,,,,,,,,,-13
2020-05-03,34,,,2432,,,,,,,,,,,,,,,,,,,,,,,,,,,817
2020-05-04,19,,,2398,845,1027,124,177,51,,77,,20,1417,3,,117,864,,,,,,,,,,,,,-850
2020-05-05,8,,,2379,849,1031,124,177,51,,78,,21,1472,4,,121,786,,,,,,,,,,,,,-4
2020-05-06,23,,,2371,852,1046,124,179,54,,74,,19,1494,3,,124,753,,,,,,,,,,,,,-13
2020-05-07,33,,,2348,865,1064,126,179,54,,76,,20,1512,2,,126,710,,,,,,,,,,,,,-18
2020-05-08,29,,,2315,866,1089,125,180,55,,73,,20,1579,1,,127,609,,,,,,,,,,,,,-24
2020-05-09,15,,,2453,,,,,,,69,,21,1659,2,,129,665,,,,,,,,,,,,,909
2020-05-10,9,,,2438,,,,,,,,,,,,,129,,,,,,,,,,,,,,0
2020-05-11,14,,,2429,873,1118,125,180,57,,66,,18,1719,1,,130,580,,,,,,,,,,,,,-938
2020-05-12,7,,,2415,874,1124,125,180,57,,63,,16,1832,1,,131,452,,,,,,,,,,,,,-6
2020-05-13,16,,,2408,877,1137,125,180,57,,59,,14,1859,1,,132,417,,,,,,,,,,,,,-13
2020-05-14,15,,,2392,878,1149,126,181,58,,58,,12,1885,3,,135,372,,,,,,,,,,,,,-11
2020-05-15,15,,,2594,878,1164,126,181,58,,51,,12,1908,5,,138,548,,,,,,,,,,,,,-15
2020-05-16,21,,,2579,878,1184,126,181,59,,49,,11,1932,1,,141,506,,,,,,,,,,,,,-20
2020-05-17,8,,,2558,,,,,,,,,,,,,,,,,,,,,,,,,,,1003
2020-05-18,8,,,2550,882,1195,126,181,60,,47,,12,1966,2,,143,441,,,,,,,,,,,,,-1014
2020-05-19,2,,,2542,883,1196,126,181,60,,45,,12,1975,3,,146,421,,,,,,,,,,,,,-1
2020-05-20,21,,,2540,885,1214,126,182,60,,43,,10,2001,3,,149,390,,,,,,,,,,,,,-17
2020-05-21,12,,,2519,887,1223,126,183,60,,43,,8,2020,3,,152,347,,,,,,,,,,,,,-8
2020-05-22,18,,,2507,888,1236,127,194,62,,41,,8,2042,3,,155,310,,,,,,,,,,,,,-2
2020-05-23,10,,,2545,890,1244,127,194,62,,39,,8,2057,2,,157,331,,,,,,,,,,,,,-8
2020-05-24,5,,,2535,,,,,,,,,,,,,,,,,,,,,,,,,,,1050
2020-05-25,7,,,2530,894,1253,127,194,62,,37,,7,2102,4,,161,267,,,,,,,,,,,,,-1059
2020-05-26,11,,,2541,897,1261,127,194,62,,37,,7,2122,0,,161,258,,,,,,,,,,,,,-8
2020-05-27,9,,,2550,899,1267,127,194,63,,37,,7,2144,1,,162,244,,,,,,,,,,,,,-6
2020-05-28,9,,,2559,899,1274,127,195,63,,33,,6,2153,2,,164,242,,,,,,,,,,,,,-6
2020-05-29,4,,,2563,900,1277,127,195,63,,34,,6,2170,0,,164,228,,,,,,,,,,,,,-3
2020-05-30,11,,,2573,902,1285,127,195,64,,35,,5,2181,0,,164,228,,,,,,,,,,,,,-8
2020-05-31,9,,,2582,,,,,,,,,,,,,,,,,,,,,,,,,,,1090
2020-06-01,15,,,2597,904,1307,127,195,64,,32,,5,2207,1,,165,225,,,,,,,,,,,,,-1112
2020-06-02,4,,,2601,904,1311,127,195,64,,31,,8,2229,0,,165,207,,,,,,,,,,,,,-4
2020-06-03,22,,,2623,905,1332,127,195,64,,32,,7,2243,1,,166,214,,,,,,,,,,,,,-21
2020-06-04,5,,4,2629,909,1334,130,195,64,,26,,6,2265,0,,166,198,,,,,,,,,,,,,-2
2020-06-05,1,,4,2630,908,1335,130,195,64,,21,,5,2272,1,,167,191,,,,,,,,,,,,,-1
2020-06-06,14,,4,,,,,,,,,,,,,,,,,,,,,,,,,,,,1140
2020-06-07,6,,4,,,,,,,,,,,,,,,,,,,,,,,,,,,,0
2020-06-08,9,,4,2659,907,1362,130,195,64,,16,,4,2309,0,,167,183,,,,,,,,,,,,,-1167
2020-06-09,10,,5,2669,908,1370,130,195,66,,15,,4,2319,0,,167,183,,,,,,,,,,,,,-8
2020-06-10,12,,5,2680,911,1378,130,195,66,,12,,4,2328,0,,167,185,,,,,,,,,,,,,-8
2020-06-11,14,,5,2694,917,1386,130,195,66,,13,,5,2344,0,,167,183,,,,,,,,,,,,,-8
2020-06-12,16,,5,2709,922,1396,130,195,65,,12,,3,2354,1,,168,187,,,,,,,,,,,,,-10
2020-06-13,14,,5,,,,,,,,,,,,,,,,,,,,,,,,,,,,1201
2020-06-14,16,,5,,,,,,,,,,,,,,,,,,,,,,,,,,,,0
2020-06-15,6,,5,2745,934,1420,130,195,65,,13,,4,2395,0,,168,182,,,,,,,,,,,,,-1225
2020-06-16,11,,5,2756,940,1425,130,196,65,,11,,5,2416,0,,168,172,,,,,,,,,,,,,-4
2020-06-17,19,,6,2775,946,1438,130,196,65,,11,,5,2422,0,,168,185,,,,,,,,,,,,,-13
2020-06-18,8,,6,2783,950,1441,130,197,65,,10,,5,2425,0,,168,190,,,,,,,,,,,,,-2
2020-06-19,7,,6,2790,952,1446,130,197,65,,11,,6,2444,0,,168,178,,,,,,,,,,,,,-5
2020-06-20,10,,6,,,,,,,,,,,,,,,,,,,,,,,,,,,,1249
2020-06-21,6,,6,,,,,,,,,,,,,,,,,,,,,,,,,,,,0
2020-06-22,16,,6,2822,954,1474,131,198,65,,14,,6,2471,1,,169,182,,,,,,,,,,,,,-1276
2020-06-23,13,,6,2835,,,,,,,16,,7,2491,1,,170,174,,,,,,,,,,,,,1276
2020-06-24,14,,6,2849,963,1491,131,199,65,,14,,7,2516,1,,171,162,,,,,,,,,,,,,-1292
2020-06-25,19,,6,2869,970,1504,131,199,65,,15,,7,2517,2,,173,179,,,,,,,,,,,,,-13
2020-06-26,10,,7,2878,969,1514,131,199,65,,17,,5,2545,1,,174,159,,,,,,,,,,,,,-10
2020-06-27,10,,7,,,,,,,,,,,,,,,,,,,,,,,,,,,,1315
2020-06-28,14,,7,,,,,,,,,,,,,,,,,,,,,,,,,,,,0
2020-06-29,2,,7,2904,979,1529,131,200,65,,18,,5,2577,0,,174,153,,,,,,,,,,,,,-1329
2020-06-30,12,,7,2916,981,1538,131,201,65,,18,,4,2590,0,,174,152,,,,,,,,,,,,,-8
2020-07-01,15,,7,2931,,,,,,,,,,,,,,,,,,,,,,,,,,,1337
2020-07-02,9,,7,2940,989,1553,132,201,65,,17,,2,2603,3,,177,160,,,,,,,,,,,,,-1352
2020-07-03,13,,7,2947,995,1553,132,202,65,,19,,2,2608,0,,177,162,,,,,,,,,,,,,1
2020-07-04,9,,8,,,,,,,,,,,,,,,,,,,,,,,,,,,,1351
2020-07-05,15,,8,,,,,,,,,,,,,,,,,,,,,,,,,,,,0
2020-07-06,7,,8,2978,1008,1570,132,203,65,,16,,4,2629,6,,183,166,,,,,,,,,,,,,-1367
2020-07-07,12,,8,2990,1013,1576,133,203,65,,16,,4,2645,0,,183,162,,,,,,,,,,,,,-6
2020-07-08,18,,9,3008,1018,1589,133,203,65,,17,,3,2660,3,,186,162,,,,,,,,,,,,,-13
2020-07-09,20,,9,3028,982,1596,133,201,65,51,17,,4,2667,0,,186,175,,,,,,,,,,,,,-9
2020-07-10,25,,9,3053,990,1610,135,202,65,51,16,,5,2679,1,,187,187,,,,,,,,,,,,,-13
2020-07-11,22,,,3077,,,,,,,,,,,,,,,,,,,,,,,,,,,1408
2020-07-12,20,,,3097,,,,,,,,,,,,,,,,,,,,,,,,,,,0
2020-07-13,11,,,3115,,,,,,,,,,,,,,,,,,,,,,,,,,,0
2020-07-14,13,,,3128,1015,1649,135,212,65,52,14,,5,2730,0,,189,209,,,,,,,,,,,,,-1437
2020-07-15,21,,14,3149,1023,1659,135,216,65,51,14,,5,2753,0,,189,207,,,,,,,,,,,,,-6
2020-07-16,21,,17,3170,1028,1667,136,223,65,51,15,,3,2789,0,,189,192,,,,,,,,,,,,,-1
2020-07-17,28,,13,3198,1032,1676,136,235,68,51,18,,2,2802,0,,189,207,,,,,,,,,,,,,3
2020-07-18,51,,,,,,,,,,,,,,,,,,,,,,,,,,,,,,1441
2020-07-19,19,,,,,,,,,,,,,,,,,,,,,,,,,,,,,,0
2020-07-20,32,,17,3300,1042,1713,142,280,69,54,16,,4,2858,0,,189,253,,,,,,,,,,,,,-1433
2020-07-21,30,,22,3328,1049,1742,141,304,69,57,15,,3,2888,0,,189,251,,,,,,,,,,,,,-5
2020-07-22,34,,25,3362,1051,1750,142,315,77,57,16,,3,2898,1,,190,274,,,,,,,,,,,,,3
2020-07-23,30,,26,3392,,,,,,,,,,,,,,,,,,,,,,,,,,,1435
2020-07-24,27,,27,3419,1057,1764,142,319,79,58,12,,3,2934,1,,191,294,,,,,,,,,,,,,-1445
2020-07-25,36,,,,,,,,,,,,,,,,,,,,,,,,,,,,,,1445
2020-07-26,21,,,,,,,,,,,,,,,,,,,,,,,,,,,,,,0
2020-07-27,24,,34,3500,1064,1800,143,353,80,60,11,,3,3043,2,,193,264,,,,,,,,,,,,,-1447
2020-07-28,23,,34,3523,1067,1815,143,358,80,60,9,,3,3076,1,,194,253,,,,,,,,,,,,,-10
2020-07-29,41,,34,3562,1071,1846,143,356,86,60,6,,2,3109,0,,194,259,,,,,,,,,,,,,-33
2020-07-30,29,,34,3591,1076,1865,143,360,86,61,5,,2,3155,0,,194,242,,,,,,,,,,,,,-15
2020-07-31,50,,39,3641,1088,1889,144,369,88,63,5,,2,3168,1,,195,278,,,,,,,,,,,,epi linked cases updated from july 21,-15
2020-08-01,43,,,,,,,,,,,,,,0,,,,,,,,,,,,,,,,1520
2020-08-02,29,,,,,,,,,,,,,,0,,,,,,,,,,,,,,,,0
2020-08-03,46,,,,,,,,,,,,,,0,,,,,,,,,,,,,,,,0
2020-08-04,28,,,3787,1119,1989,146,377,91,65,8,,4,3273,0,,195,319,,,,,,,,,,,,,-1612
2020-08-05,47,,38,3834,1132,2015,146,384,91,66,9,,6,3288,0,,195,351,,,,,,,,,,,,,-19
2020-08-06,47,,39,3881,1143,2045,146,385,93,69,11,,5,3315,0,,195,371,,,,,,,,,,,,,-29
2020-08-07,53,,42,3934,1167,2069,147,389,93,69,11,,4,3353,0,,195,386,,,,,,,,,,,,,-20
2020-08-08,50,,,,,,,,,,,,,,,,,,,,,,,,,,,,,,1680
2020-08-09,37,,,,,,,,,,,,,,,,,,,,,,,,,,,,,,0
2020-08-10,44,,45,4065,1220,2139,148,391,96,71,9,,3,3425,0,,195,445,,,,,,,,,,,,,-1748
2020-08-11,46,,45,4111,1232,2167,148,393,100,,8,,5,3444,0,,195,472,,,,,,,,,,,,,-26
2020-08-12,85,,45,4196,1273,2203,150,394,104,72,8,,5,3469,1,,196,531,,,,,,,,,,,,,-35
2020-08-13,78,,,4274,1306,2242,150,398,106,72,9,,4,3500,0,,196,578,,,,,,,,,,,,,-35
2020-08-14,84,,47,4358,1354,2276,150,399,107,72,12,,4,3533,0,,196,629,,,,,,,,,,,,,-33
2020-08-15,100,,,,,,,,,,,,,,,,,,,,,,,,,,,,,,1877
2020-08-16,88,,,,,,,,,,,,,,,,,,,,,,,,,,,,,,0
2020-08-17,48,,,4594,1419,2425,154,405,117,74,4,,3,3653,2,,198,743,,,,,,,,,,,,,-2020
2020-08-18,83,,57,4677,1447,2473,156,407,120,74,6,,3,3704,0,,198,775,,,,,,,,,,,,,-46
2020-08-19,68,,57,4745,1488,2493,158,411,120,75,10,,4,3749,0,,198,798,,,,,,,,,,,,,-16
2020-08-20,80,,,4825,1526,2533,159,411,121,75,11,,4,3845,2,,200,780,,,,,,,,,,,,,-40
2020-08-21,90,,,4915,1569,"2,572",160,417,122,75,13,,5,"3,889",2,,202,824,,,,,,,,,,,,,-33
2020-08-22,109,,,,,,,,,,,,,,,,,,,,,,,,,,,,,,"2,155"
2020-08-23,81,,,,,,,,,,,,,,,,,,,,,,,,,,,,,,0
2020-08-24,79,,63,5184,1651,2739,166,425,127,76,18,,5,4068,1,,203,913,,,,,,,,,,,,,-2314
2020-08-25,58,,64,5242,1683,2762,168,425,128,76,22,,7,4114,0,,203,921,,,,,,,,,,,,,-23
2020-08-26,62,,65,5304,1699,2795,170,429,133,78,21,,7,4199,0,,203,896,,,,,,,,,,,,,-29
2020-08-27,68,,69,5372,1737,2818,173,429,137,78,22,,7,4253,1,,204,906,,,,,,,,,,,,,-23
2020-08-28,124,,70,5496,1791,2878,174,433,142,78,23,,7,4310,0,,204,974,,,,,,,,,,,,,-56
2020-08-29,86,,,,,,,,,,,,,,,,,,,,,,,,,,,,,,2445
2020-08-30,107,,,,,,,,,,,,,,,,,,,,,,,,,,,,,,0
2020-08-31,101,,73,5790,1900,3042,175,440,154,79,28,,10,4406,4,,208,1107,,,,,,,,,,,,,-2602
2020-09-01,58,,74,5848,1922,3072,175,440,160,79,31,,10,4505,1,,209,1124,,,,,,,,,,,,,-30
2020-09-02,104,,80,5952,1974,3112,178,445,164,79,33,,14,4605,0,,209,1127,,,,,,,,,,,,,-35
2020-09-03,89,,81,6041,2012,3155,178,450,167,79,34,,11,4644,1,,210,1175,,,,,,,,,,,,,-38
2020-09-04,121,,85,6162,2077,3201,180,451,174,79,31,,12,4706,1,,211,1233,,,,,,,,,,,,,-45
2020-09-05,123,,,,,,,,,,,,,,,,,,,,,,,,,,,,,,2750
2020-09-06,116,,,,,,,,,,,,,,,,,,,,,,,,,,,,,,0
2020-09-07,107,,,,,,,,,,,,,,,,,,,,,,,,,,,,,,0
2020-09-08,83,,97,6591,2249,3428,184,460,186,84,32,,12,4978,2,,213,1386,,,,,,,,,,,,,-2968
2020-09-09,100,,97,6691,2285,3482,185,462,193,84,37,,15,5086,0,,213,1378,,,,,,,,,,,,,-52
2020-09-10,139,,,6830,2343,3551,187,462,203,84,42,,14,5190,0,,213,1412,,,,,,,,,,,,,-69
2020-09-11,132,,103,6962,2419,3600,190,465,204,84,49,,10,5273,0,,213,1461,,,,,,,,,,,,,-46
2020-09-12,137,,,,,,,,,,,,,,,,,,,,,,,,,,,,,,3135
2020-09-13,119,,,,,,,,,,,,,,,,,,,,,,,,,,,,,,0
2020-09-14,61,,107,7279,2557,3754,195,473,216,84,58,,16,5546,6,,219,1594,,,,,,,,,,,,,-3281
2020-09-15,97,,108,7376,2608,3784,195,479,225,85,63,,20,5548,0,,219,1590,,,,,,,,,,,,,-24
2020-09-16,122,,113,7498,2660,3835,195,485,237,86,60,,23,5646,0,,219,1614,,,,,,,,,,,,,-45
2020-09-17,165,,115,7663,2714,3937,196,489,241,86,57,,22,5719,1,,220,1705,,,,,,,,,,,,,-98
2020-09-18,179,,122,7842,2817,4007,196,492,244,86,59,,20,5797,3,,223,1803,,,,,,,,,,,,,-67
2020-09-19,121,,,,,,,,,,,,,,,,,,,,,,,,,,,,,,3515
2020-09-20,117,,,,,,,,,,,,,,,,,,,,,,,,,,,,,,0
2020-09-21,128,,129,8208,2945,4211,203,508,255,86,60,,21,5972,4,,227,1987,,,,,,,,,,,,,-3703
2020-09-22,96,,136,8304,2984,4254,203,511,266,86,61,,22,6589,0,,227,1465,,,,,,,,,,,,,-40
2020-09-23,91,,141,8395,3016,4302,203,515,273,86,62,,18,6769,0,,227,1376,,,,,,,,,,,,,-44
2020-09-24,148,,153,8543,3094,4361,203,520,278,87,61,,20,6917,2,,229,1371,,,,,,,,,,,,,-54
2020-09-25,98,,154,8641,3127,4412,204,522,289,87,62,,19,7036,1,,230,1349,,,,,,,,,,,,,-49
2020-09-26,68,,,,,,,,,,,,,,,,,,,,,,,,,,,,,,3890
2020-09-27,125,,,,,,,,,,,,,,,,,,,,,,,,,,,,,,0
2020-09-28,74,,164,8908,3226,4555,206,531,303,87,69,,22,7346,3,,233,1302,,,,,,,,,,,,,-4024
2020-09-29,105,,167,9013,3286,4594,206,531,309,87,69,,20,7485,1,,234,1268,,,,,,,,,,,,,-39
2020-09-30,125,,166,9138,3340,4658,208,533,312,87,72,,21,7591,0,,234,1284,,,,,,,,,,,,,-62
2020-10-01,82,,167,9220,3360,4712,209,535,317,87,69,,19,7695,1,,235,1261,,,,,,,,,,,,,-52
2020-10-02,161,,169,9381,3440,4791,209,535,318,88,63,,16,7813,3,,238,1302,,,,,,,,,,,,,-79
2020-10-03,130,,,,,,,,,,,,,,,,,,,,,,,,,,,,,,4256
2020-10-04,108,,,,,,,,,,,,,,,,,,,,,,,,,,,,,,0
2020-10-05,120,,176,9739,3580,4980,220,548,322,89,66,,16,8115,4,,242,1353,,,,,,,,,,,,,-4432
2020-10-06,102,,176,9841,3612,5038,221,556,324,90,71,,16,8184,2,,244,1384,,,,,,,,,,,,,-50
2020-10-07,115,,181,9956,3644,5119,222,557,325,89,72,,15,8296,0,,244,1387,,,,,,,,,,,,,-80
2020-10-08,110,,182,10066,3693,5174,223,557,330,89,76,,17,8398,1,,245,1394,,,,,,,,,,,,,-55
2020-10-09,119,,186,10185,3728,5253,225,559,331,89,68,,19,8502,0,,245,1406,,,,,,,,,,,,,-77
2020-10-10,170,,,,,,,,,,,,,,,,,,,,,,,,,,,,,,4694
2020-10-11,159,,,,,,,,,,,,,,,,,,,,,,,,,,,,,,0
2020-10-12,119,,,,,,,,,,,,,,,,,,,,,,,,,,,,,,0
2020-10-13,101,,191,10734,3892,5595,235,582,341,89,77,,24,8974,5,,250,1476,,,,,,,,,,,,,-5013
2020-10-14,158,,195,10892,3941,5697,237,585,343,89,84,,24,9112,0,,250,1496,5446,683531,0.029012119,0.015934903,,,,,,,,,-99
2020-10-15,142,,198,11034,3974,5800,239,587,345,89,74,,24,9257,0,,250,1494,9016,,0.015749778,,,,,,,,,,-101
2020-10-16,155,,207,11189,4036,5884,240,590,350,89,72,,26,9387,1,,251,1513,10855,,0.014279134,,,,,,,,,,-81
2020-10-17,172,,,,,,,,,,,,,,,,,,,,,,,,,,,,,,5294
2020-10-18,153,,,,,,,,,,,,,,,,,,,,,,,,,,,,,,0
2020-10-19,174,,212,11687,4146,6244,243,611,355,88,67,,19,9753,2,,253,1639,8104,,0.021470879,,,,,,,,,,-5633
2020-10-20,167,,213,11854,4175,6366,244,624,357,88,69,,18,9871,1,,254,1688,5314,736637,0.031426421,0.016092051,,,,,,,,,-109
2020-10-21,203,,214,12057,4215,6517,244,632,361,88,70,,21,9993,2,,256,1766,10482,747119,0.019366533,0.016137991,,,,,,,,,-143
2020-10-22,274,,215,12331,4260,6725,249,644,365,88,71,,24,10114,0,,256,1920,10398,757517,0.026351221,0.016278183,,,,,,,,,-196
2020-10-23,223,,220,12554,4319,6864,250,662,371,88,75,,24,10247,0,,256,2009,6582,764099,0.03388028,0.016429808,,,,,,,,,-121
2020-10-24,317,,,,,,,,,,,,,,,,,,,,,,,,,,,,,,6202
2020-10-25,293,,,,,,,,,,,,,,,,,,,,,,,,,,,,,,0
2020-10-26,207,,231,13371,4428,7529,250,693,383,88,77,,26,10734,3,,259,2325,6736,792224,0.030730404,0.016877802,,,,,,,,,-6836
2020-10-27,217,,233,13588,4476,7674,250,717,383,88,84,,27,10954,0,,259,2322,5157,797381,0.042078728,0.017040787,,,,,,,,,-121
2020-10-28,287,,237,13875,4545,7863,253,727,399,88,83,,25,11244,2,,261,2316,9568,806953,0.029995819,0.01719431,,,,,,,,,-179
2020-10-29,234,,241,14109,4588,8036,256,734,406,89,86,,24,11448,1,,262,2344,10127,817076,0.023106547,0.017267672,,,,,,,,,-166
2020-10-30,272,,246,14381,4664,8219,256,741,412,89,78,,25,11670,1,,263,2390,10420,827496,0.026103647,0.017378936,,,,,,,,,-176
2020-10-31,352,,,,,,,,,,,,,,,,,,,,,,,,,,,,,,7478
2020-11-01,389,,,,,,,,,,,,,,,,,,,,,,,,,,,,,,0
2020-11-02,379,,253,15501,4898,9049,265,777,422,90,90,,19,12207,6,,269,2945,6625,852267,0.057207547,0.018187962,,,,,,,,,-8272
2020-11-03,299,,257,15800,4993,9234,270,788,425,90,92,,22,12430,3,,272,3017,4848,857115,0.061674917,0.018433932,,,,,,,,,-174
2020-11-04,335,,264,16135,5097,9439,274,803,432,90,92,,25,12659,1,,273,3120,8848,864963,0.037861664,0.018653977,,,,,,,,,-190
2020-11-05,425,,268,16560,5223,9707,281,821,438,90,97,,24,12806,0,,273,3389,11020,877987,0.038566243,0.018861327,,,,,,,,,-250
2020-11-06,589,,275,17149,5369,10109,286,845,450,90,104,,28,13035,2,,275,3741,10591,888593,0.055613257,0.019299049,,,,,,,,,-378
2020-11-07,567,,,17716,5491,10520,289,867,459,,100,,31,,1,,276,,,,,,,,,,,,,,-389
2020-11-08,536,,,,,,,,,,,,,,,,,,,,,,,,,,,,,,9653
2020-11-09,462,,275,18714,5699,11257,301,898,469,90,133,,43,13425,5,,281,4891,10688,916803,0.043226048,0.020412237,,,,,,,,,-10359
2020-11-10,525,,275,19239,5858,11582,308,925,476,90,142,,46,13604,3,,284,5133,5823,922626,0.090159711,0.020852436,,,,,,,,,-298
2020-11-11,536,,,,,,,,,,,,,,,,,,,,,,,,,,,,,,10657
2020-11-12,594,,281,20368,6107,12390,324,925,499,89,155,,44,14089,4,,288,5793,12442,945759,0.047741521,0.021536142,,,,,,,,,-11465
2020-11-13,617,,287,20985,6237,12814,340,1001,504,89,167,,50,14901,2,,290,5579,9480,955239,0.065084388,0.021968324,,,,,,,,,-348
2020-11-14,654,,,,,,,,,,,,,,,,,,,,,,,,,,,,,,11813
2020-11-15,659,,,,,,,,,,,,,,,,,,,,,,,,,,,,,,0
2020-11-16,646,,290,22944,6692,14175,381,1088,518,90,181,,57,16087,9,,299,6729,9396,987796,0.068752661,0.023227468,,,,,,,,,-13087
2020-11-17,717,,,,6869,14659,397,1106,539,90,198,,63,,11,,310,6589,,,,,,,,,,,,,-466
2020-11-18,762,,293,24422,7079,15140,417,1144,552,90,209,,58,16914,10,,320,6861,11145,1005759,0.068371467,0.024282159,,,,,,,,,-443
2020-11-19,536,,302,24958,7256,15448,429,1172,563,90,217,,59,17206,1,,321,6926,13792,1019551,0.038863109,0.024479403,,,,,,,,,-280
2020-11-20,516,,302,25474,7404,15742,446,1203,588,91,227,,57,17477,10,,331,7122,11087,1030631,0.046540994,0.024716897,,,,,,,,,-263
2020-11-21,713,,,,,,,,,,,,,,,,,,,,,,,,,,,,,,14539
2020-11-22,626,,,,,,,,,,,,,,,,,,,,,,,,,,,,,,0
2020-11-23,594,,313,27407,7818,17046,494,1307,649,93,277,,58,19069,17,,348,7360,9744,1066696,0.060960591,0.025693356,,,,,,,,,-15739
2020-11-24,695,,312,28348,7992,17478,505,1356,678,93,284,,61,19605,10,,358,7732,,,,,,,,,,,,,-383
2020-11-25,738,,316,29086,8161,18167,526,1526,713,93,294,,61,,13,,371,7816,11492,1089225,0.064218587,0.02670339,,,,,,,,,-519
2020-11-26,887,,319,29973,8329,18779,544,1491,737,93,294,,64,19998,13,,384,7899,13082,1102307,0.067803088,0.027191155,,,,,,,,,-647
2020-11-27,911,,323,30884,8482,19428,571,1538,772,93,301,,69,21304,11,,395,8472,14336,1116642,0.063546317,0.027657924,,,,,,,,,-602
2020-11-28,750,,,,,,,,,,,,,,,,,,,,,,,,,,,,,,17890
2020-11-29,731,,,,,,,,,,,,,,,,,,,,,,,,,,,,,,0
2020-11-30,596,,333,33238,8850,21070,629,1750,845,94,316,,75,23111,46,,441,8855,9416,1153408,0.063296517,0.02881721,,,,,,,,,-19320
2020-12-01,656,,336,33894,8990,21478,639,1833,860,94,336,,76,23774,16,,457,8796,8468,1161867,0.077468115,0.029172014,,,,,,,,,-325
2020-12-02,834,,338,34728,9164,22007,659,1899,905,94,337,,79,24424,12,,469,8941,12065,1173931,0.06912557,0.029582659,,,,,,,,,-463
2020-12-03,694,,342,35422,9278,22472,669,1981,928,94,325,,80,24928,12,,481,9103,12165,1186096,0.057048911,0.029864362,,,,,,,,,-383
2020-12-04,711,,349,36132,9421,22899,679,2062,978,93,338,,76,25658,11,,492,9050,14537,1200633,0.048909679,0.030094125,,,,,,,,,-346
2020-12-05,647,,,,,,,,,,,,,,,,,,,,,,,,,,,,,,20837
2020-12-06,726,,,,,,,,,,,,,,,,,,,,,,,,,,,,,,0
2020-12-07,647,,359,38152,9725,24261,724,2265,1084,93,349,,77,27287,35,,527,9380,9192,1235006,0.070387293,0.030892158,,,,,,,,,-21996
2020-12-08,566,,360,38718,9861,24558,735,2339,1132,93,352,,74,27897,16,,543,9315,6943,1241949,0.081520956,0.031175193,,,,,,,,,-223
2020-12-09,619,,363,39337,9982,24942,740,2420,1159,94,338,,76,28448,16,,559,9329,12958,1254907,0.047769718,0.031346546,,,,,,,,,-303
2020-12-10,723,,364,40060,10117,25398,750,2502,1199,94,346,,75,28948,28,,587,9524,12614,1267521,0.057317267,0.031604999,,,,,,,,,-374
2020-12-11,737,,370,40797,10236,25867,758,2601,1240,95,342,,87,29598,11,,598,9589,10557,1278078,0.069811499,0.031920587,,,,,,,,,-370
2020-12-12,698,,,,,,,,,,,,,,,,,,,,,,,,,,,,,,23266
2020-12-13,689,,,,,,,,,,,,,,,,,,,,,,,,,,,,,,0
2020-12-14,759,,386,42943,10536,27431,787,2851,1331,97,359,,87,31207,49,,647,10039,11142,1316237,0.068120625,0.032625583,,,,,,,,,-24580
2020-12-15,522,,394,43463,10620,27679,794,2907,1368,95,361,,93,31866,21,,668,9860,6521,1325240,0.080049072,0.032796324,,,,,,,,,-192
2020-12-16,640,,395,44103,10718,28078,799,2998,1415,95,362,,91,32376,24,,692,9950,14765,1340007,0.04334575,0.032912515,,,,,,,,,-308
2020-12-17,673,,401,44776,10863,28481,803,3064,1462,103,358,,93,32963,21,,713,10009,11169,1351612,0.060256066,0.03312785,,,,,,,,,-337
2020-12-18,624,,405,45400,10969,28887,808,3124,1509,103,356,,92,33589,11,,724,9978,11529,1363251,0.054124382,0.033302745,,,,,,,,,-346
2020-12-19,652,,,,,,,,,,,,,,,,,,,,,,,,,,,,,,25763
2020-12-20,486,,,,,,,,,,,,,,,,,,,,,,,,,,,,,,0
2020-12-21,529,,419,47067,11252,29971,829,3313,1599,103,341,,80,35455,41,,765,9718,7180,1393231,0.07367688,0.033782625,,,,,,,,,-26658
2020-12-22,444,,424,47510,11331,30227,838,3391,1620,103,357,,84,36094,12,,777,9481,6571,1400609,0.067569624,0.033920959,,,,,,,,,-178
2020-12-23,518,,424,48027,11428,30559,847,3440,1651,102,348,,80,36952,19,,796,9137,8513,1409122,0.060848115,0.034082925,,,,,,,,,-283
2020-12-24,582,,427,48609,11535,30885,857,3511,1719,102,341,,78,37784,12,,808,8865,8415,1417542,0.06916221,0.034291047,,,,,,,,,-255
2020-12-25,512,,,,,,,,,,,,,,,,,,,,,,,,,,,,,,27374
2020-12-26,447,,,,,,,,,,,,,,,,,,,,,,,,,,,,,,0
2020-12-27,424,,,,,,,,,,,,,,,,,,,,,,,1,0,0,,,,,0
2020-12-28,441,,,,,,,,,,,,,,,,,,,,,,,,,,,,,,0
2020-12-29,382,,452,50815,11913,32260,901,3749,1890,102,373,,80,41175,74,,882,7580,4675,1444990,0.08171123,0.035166333,,,,,,,,,-28511
2020-12-30,485,,457,51300,12030,32471,917,3806,1974,102,379,,77,41681,11,,893,7551,6785,1451775,0.071481209,0.035336054,,,,,,,,,-154
2020-12-31,690,,458,51990,12135,32918,928,3890,2017,102,374,,76,42127,8,,901,7781,8003,1459779,0.086217668,0.03561498,,,,,,,,,-363
2021-01-01,565,,,,,,,,,,,,,,,,,,,,,,,,,,,,,,29028
2021-01-02,607,,,,,,,,,,,,,,,,,,,,,,,,,,,,,,0
2021-01-03,500,,,,,,,,,,,,,,,,,,,,,,,,,,,,,,0
2021-01-04,539,,480,54201,12524,34219,992,4178,2186,102,351,,76,45229,45,,946,6823,5918,1485231,0.091078067,0.036493313,,,,,,,,,-30041
2021-01-05,428,,482,54629,12614,34442,1001,4239,2231,102,367,,77,45999,8,,954,6472,5915,1491146,0.072358411,0.036635581,,,,,,,,,-162
2021-01-06,625,,483,55254,12792,34747,1029,4310,2274,102,381,,78,46728,8,,962,6343,8899,1500005,0.07023261,0.036835877,,,,,,,,,-234
2021-01-07,761,,483,56015,12886,35231,1052,4406,2338,102,372,,74,47374,8,,970,6349,8960,1508966,0.084933036,0.037121446,,,,,,,,,-388
2021-01-08,617,,501,56632,13025,35551,1079,4487,2387,103,358,,75,48205,18,,988,6118,9345,1518311,0.066024612,0.037299341,,,,,,,,,-239
2021-01-09,538,,,,,,,,,,,,,,,,,,,,,,,,,,,,,,31064
2021-01-10,507,,,,,,,,,,,,,,,,,,,,,,,,,,,,,,0
2021-01-11,430,,509,58107,13312,36287,1138,4704,2560,106,362,,72,50529,22,,1010,5232,5710,1542320,0.07530648,0.037675061,,,,,,,,,-31583
2021-01-12,446,,516,58553,13408,36510,1152,4771,2606,106,368,,72,51144,9,,1019,5045,5795,1548105,0.076962899,0.03782237,,,,,,,,,-156
2021-01-13,519,,522,59072,13525,36745,1186,4855,2651,110,360,,76,51893,12,,1031,4810,9050,1557590,0.057348066,0.037925256,,,,,,,,,-151
2021-01-14,536,,525,59608,13627,36998,1207,4970,2696,110,362,,74,52605,7,,1038,4624,9296,1566986,0.057659208,0.038039906,,4,1,0,,,,,-138
2021-01-15,509,,534,60117,13728,37258,1220,5056,2745,110,349,,68,53115,9,,1047,4604,9661,1576473,0.052686057,0.03813386,,,,,,,,,-174
2021-01-16,584,,,,,,,,,,,,,,,,,,,,,,,,,,,,,,32202
2021-01-17,445,,,,,,,,,,,,,,,,,,,,,,,,,,,,,,0
2021-01-18,301,,538,61447,14009,37806,1285,5313,2911,123,343,,68,54656,31,,1078,4326,5637,1601791,0.053397197,0.038361434,,,,,,,,,-32493
2021-01-19,465,,551,61912,14092,38068,1306,5374,2943,129,329,,70,55099,12,,1090,4331,5041,1606879,0.092243602,0.038529348,,,,,,,,,-201
2021-01-20,500,,551,62412,14217,38284,1338,5465,2978,130,320,,66,55564,14,,1104,4345,10437,1618059,0.047906487,0.038572141,,,,,,,,,-125
2021-01-21,564,,559,62976,14328,38518,1385,5560,3054,131,309,,68,56010,15,,1119,4450,8829,1627001,0.063880394,0.038706799,,,,,,,,,-139
2021-01-22,508,,565,63484,14460,38746,1398,5639,3109,132,315,,75,56455,9,,1128,4479,9546,1636665,0.053216007,0.038788634,,6,3,0,,,,,-149
2021-01-23,527,,,,,,,,,,,,,,,,,,,,,,,,,,,,,,33107
2021-01-24,471,,,,,,,,,,,,,,,,,,,,,,,,,,,,,,0
2021-01-25,346,,569,64828,14774,39364,1471,5873,3213,132,328,,68,57831,26,,1154,4392,,1663577,,0.038969041,,,,,,,,,-33491
2021-01-26,407,,583,65234,14898,39533,1493,5927,3251,132,313,,71,58352,14,,1168,4260,5231,1668808,0.077805391,0.039090177,,,,,,,,,-115
2021-01-27,485,,583,65719,15013,39743,1538,6010,3283,132,303,,74,58778,4,,1172,4299,11743,1681571,0.041301201,0.039081906,,,,,,,,,-127
2021-01-28,546,,588,66265,15187,39961,1568,6080,3334,135,291,,75,59141,8,,1184,4455,10041,1691612,0.054377054,0.039172694,,,,,,,,,-148
2021-01-29,514,,594,66779,15321,40184,1597,6151,3391,135,292,,74,59551,5,,1189,4557,11773,1704375,0.04365922,0.039180931,,,,,,,,,-152
2021-01-30,408,,,,,,,,,,,,,,,,,,,,,,,,,,,,,,34033
2021-01-31,473,,,,,,,,,,,,,,,,,,,,,,,,,,,,,,0
2021-02-01,277,,598,67937,15616,40677,1675,6345,3489,135,289,,79,61117,21,,1210,4134,5945,1729193,0.046593776,0.039288269,,14,4,0,0,,,,-34332
2021-02-02,429,,604,68366,15728,40879,1702,6396,3524,137,294,,82,61129,8,,1218,4542,5578,1734772,0.076909286,0.039409213,,,,,,,,,-151
2021-02-03,414,,611,68780,15835,41061,1728,6459,3558,138,278,,80,61643,16,,1234,4426,7999,1742771,0.05175647,0.039465885,,,,,,,,,-119
2021-02-04,465,,614,69245,15934,41295,1755,6513,3610,138,257,,76,62078,6,,1240,4447,8748,1751908,0.053155007,0.039525477,,19,9,0,0,,,,-180
2021-02-05,471,,618,69716,16042,41503,1783,6569,3681,138,253,,70,62567,6,,1246,4423,8186,1759017,0.057537259,0.0396335,,,,,,,,,-152
2021-02-06,428,,,,,,,,,,,,,,,,,,,,,,,,,,,,,,34934
2021-02-07,465,,,,,,,,,,,,,,,,,,,,,,,,,,,,,,0
2021-02-08,343,,623,70952,16308,42104,1869,6721,3812,138,234,,69,65605,13,,1259,3976,5552,1781152,0.061779539,0.039834893,,25,15,0,0,,,,-35383
2021-02-09,435,,636,71387,16415,42325,1892,6768,3849,138,241,,68,65618,4,,1263,4393,4987,1786205,0.08722679,0.039965737,,,,,,,,,-174
2021-02-10,469,,641,71856,16515,42568,1917,6814,3902,140,230,,66,66167,6,,1269,4305,8050,1794265,0.05826087,0.040047596,,,,,,,,,-197
2021-02-11,449,,644,72305,16608,42810,1936,6872,3939,140,224,,63,66603,9,,1278,4317,8211,1802476,0.054682743,0.040114265,,,,,,,,,-184
2021-02-12,445,,649,72750,16743,43028,1951,6916,3969,143,226,,61,67008,10,,1288,4347,7731,1810219,0.057560471,0.040188508,,29,17,0,1,,"First point prevalence test: from all positive tests Jan 30-Feb 6 (3099, only 3 positive (2=UK, 1=SA, confirmed by genomic sequencing. Start at 9:00 in https://news.gov.bc.ca/releases/2021HLTH0014-000277",,-174
2021-02-13,452,,,,,,,,,,,,,,,,,,,,,,,,,,,,,,36112
2021-02-14,431,,,,,,,,,,,,,,,,,,,,,,,,,,,,,,0
2021-02-15,348,,,,,,,,,,,,,,,,,,,,,,,,,,,,,,0
2021-02-16,302,,655,74283,17135,43884,2009,7008,4104,143,231,,74,68705,26,,1314,4189,5248,1836797,0.057545732,0.040441595,,40,19,0,1,,,,-36876
2021-02-17,427,,675,74710,17225,44120,2027,7055,4135,148,232,,63,69167,3,,1317,4150,5635,1842587,0.075776398,0.040546254,,,,,,,,,-189
2021-02-18,617,,679,75327,17371,44462,2046,7072,4227,149,224,,60,69602,4,,1321,4348,9147,1851860,0.06745381,0.040676401,,,,,,,,,-325
2021-02-19,508,,677,75835,17487,44748,2068,7131,4252,149,217,,61,69970,6,,1327,4486,9117,1861010,0.055720083,0.040749378,,52,20,0,,,,,-227
2021-02-20,504,,,,,,,,,,,,,,,,,,,,,,,,,,,,,,37617
2021-02-21,475,,,,,,,,,,,,,,,,,,,,,,,,,,,,,,0
2021-02-22,449,,680,77263,17845,45553,2167,7198,4351,149,223,,66,71313,8,,1335,4560,6006,1881992,0.074758575,0.041053841,,81,20,0,2,4,,,-38355
2021-02-23,559,,709,77822,17977,45831,2206,7241,4417,150,238,,69,71753,1,,1336,4677,6758,1888784,0.08271678,0.04120217,,,,,,,,,-235
2021-02-24,456,,708,78278,18085,46090,2241,7271,4437,154,237,,64,72219,2,,1338,4668,9187,1898021,0.049635354,0.041241904,,,,,,,,,-229
2021-02-25,395,,720,78673,18171,46297,2278,7295,4478,154,228,,62,72781,10,,1348,4489,8270,1906311,0.047762999,0.041269761,,95,21,0,2,9,,,-183
2021-02-26,589,,,79262,18328,46614,2309,7334,4523,154,232,,63,73188,7,,1355,4665,,,,,,,,,,,,,-278
2021-02-27,532,,,,,,,,,,,,,,,,,,,,,,,,,,,,,,39280
2021-02-28,508,,,,,,,,,,,,,,,,,,,,,,,,,,,,,,0
2021-03-01,438,,736,80672,18619,47436,2403,7435,4625,154,236,,65,74776,15,,1363,4464,6726,1940319,0.065120428,0.041576669,,137,21,0,,10,,,-40001
2021-03-02,438,,732,81367,18858,47840,2423,7443,4649,154,243,,63,75255,2,,1365,4679,6415,1946735,0.068277475,0.041796649,,159,23,0,,8,data correction reported: https://www.citynews1130.com/2021/03/02/bc-new-covid-cases-deaths/,,-396
2021-03-03,542,,737,81909,18989,48132,2454,7486,4693,155,246,,64,75819,7,,1372,4654,9189,1955945,0.058983567,0.041876944,,176,24,0,,11,,,-249
2021-03-04,564,,749,82473,19157,48411,2489,7522,4739,155,248,,64,76289,4,,1376,4743,8282,1964262,0.068099493,0.041986761,,218,28,0,,16,,,-243
2021-03-05,634,,752,83107,19306,48776,2515,7555,4799,156,255,,66,76752,4,,1380,4799,10384,1974667,0.06105547,0.04208659,,222,28,0,,12,,,-332
2021-03-06,545,,,,,,,,,,,,,,,,,,,,,,,,,,,,,,41221
2021-03-07,532,,,,,,,,,,,,,,,,,,,,,,,,,,,,,,0
2021-03-08,385,,771,84569,19713,49578,2587,7634,4901,156,240,,66,78237,11,,1391,4854,6607,2000267,0.05827153,0.042278856,,363,31,0,,87,,,-41944
2021-03-09,550,,782,85119,19846,49897,2594,7670,4953,159,249,,68,78770,2,,1393,4869,6560,2004825,0.083841463,0.042457072,,530,33,13,,113,,,-283
2021-03-10,531,,780,85650,19993,50188,2613,7712,4985,159,244,,66,79309,1,,1394,4861,9147,2013972,0.05805182,0.0425279,,580,33,14,,109,,,-249
2021-03-11,569,,777,86219,20133,50489,2654,7738,5045,160,244,,68,79829,3,,1397,4912,8983,2022956,0.063341868,0.042620304,,588,36,14,,89,,,-275
2021-03-12,648,,774,86867,20282,50861,2686,7777,5101,160,255,,67,80325,0,,1397,5070,9270,2032227,0.069902913,0.042744733,,667,36,14,,99,,,-333
2021-03-13,555,,,,,,,,,,,,,,,,,,,,,,,,,,,,,,43084
2021-03-14,491,,,,,,,,,,,,,,,,,,,,,,,,,,,,,,0
2021-03-15,460,,782,88373,20664,51701,2761,7857,5230,160,269,,76,81890,10,,1407,4987,7198,2059338,0.063906641,0.042913305,,818,41,21,,195,,,-43844
2021-03-16,556,,796,88929,20803,52032,2788,7873,5271,162,280,,84,82436,0,,1407,4999,7101,2066441,0.078298831,0.04303486,,921,41,34,,130,,,-315
2021-03-17,498,,796,89427,20931,52323,2800,7904,5307,162,281,,83,83083,4,,1411,4851,8843,2075288,0.05631573,0.043091369,,,,,,,No report on VOC,,-260
2021-03-18,622,,799,90049,21115,52640,2835,7934,5361,164,286,,85,83613,8,,1419,4941,8234,2083522,0.075540442,0.043219606,,1040,41,51,,143,,,-287
2021-03-19,737,,803,90786,21278,53066,2867,7967,5443,165,292,,85,84078,2,,1421,5207,9789,2093312,0.075288589,0.04336955,,1094,41,65,,149,,,-393
2021-03-20,556,,,,,,,,,,,,,,,,,,,,,,,,,,,,,,45099
2021-03-21,598,,,,,,,,,,,,,,,,,,,,,,,,,,,,,,0
2021-03-22,631,,805,92571,21747,54076,2956,8051,5576,165,303,,80,85746,16,,1437,5290,6433,2116437,0.098087984,0.043739077,,1240,41,85,,237,,,-46025
2021-03-23,646,,820,93253,21976,54409,2975,8127,5599,167,314,,83,86307,1,,1438,5409,6006,2122446,0.107559108,0.043936571,,1357,43,110,,171,,,-257
2021-03-24,716,,822,93969,22206,54792,2996,8165,5641,169,303,,85,86857,3,,1441,5573,8152,2131206,0.087831207,0.044091937,,1397,44,140,,148,,,-345
2021-03-25,800,,828,94769,22470,55173,3041,8215,5699,171,306,,79,87351,5,,1446,5856,,,,,,1549,47,176,,215,,,-331
2021-03-26,908,,828,95677,22764,55611,3096,8258,5777,171,294,,81,87866,3,,1449,6245,9017,2149153,0.10069868,0.044518468,,1666,47,199,,258,,,-395
2021-03-27,936,,,,,,,,,,,,,,,,,,,,,,,,,,,,,,47353
2021-03-28,805,,,,,,,,,,,,,,,,,,,,,,,,,,,,,,0
2021-03-29,777,,832,98195,23580,56891,3238,8414,5898,174,299,,79,89722,6,,1455,6902,7335,2175242,0.10593047,0.045142104,,1915,48,270,,413,,,-48477
2021-03-30,840,,850,99035,23845,57312,3277,8481,5944,176,312,,78,90401,0,,1455,7062,7579,2182821,0.110832564,0.045370188,,2134,49,370,,313,,,-354
2021-03-31,1014,,856,100048,24230,57770,3324,8545,6004,175,301,,80,91066,3,,1458,7405,9984,2192813,0.1015625,0.045625414,,,,,,,"""There was a delay in the sequencing analysis for variants of concern.""",,-394
2021-04-01,832,,856,100880,24540,58158,3377,8587,6043,175,296,,79,91732,5,,1463,7571,9880,2208023,0.084210526,0.04568793,,2214,50,379,,192,192 active VOC,,-346
2021-04-02,1074,,,101898,,,,,,,,,,,,,,,,,,,,,,,,,(provisional numbers updated on April 4,,49571
2021-04-03,1077,,,102970,25249,59210,3524,8736,6076,175,,,90,,,,,,,,,,,,,,,,,,-50474
2021-04-04,999,,,,,,,,,,,,,,,,,,,,,,,,,,,,,,50474
2021-04-05,890,,,,25828,60196,3624,8865,6171,175,318,,,94806,23,,,8490,,,,,,2771,51,737,,588,,,-51331
2021-04-06,1068,,892,105988,26141,60699,3682,8992,6294,180,328,,96,95691,,,1489,8671,8106,2255080,0.131754256,0.046999663,,2838,51,877,,266,,,-376
2021-04-07,997,,899,106985,26497,61164,3749,9083,6312,180,330,,105,96626,2,,1491,8728,11202,2267352,0.089001964,0.047184998,,2837,51,878,,266,(odd reporting!! cumulative number of B.1.1.7 went down no real new cases...,,-374
2021-04-08,1293,,899,108278,26945,61809,3818,9163,6363,180,336,,101,97462,2,,1493,9184,12332,2279811,0.104849173,0.047494288,,2842,51,883,,104,,,-565
2021-04-09,1262,,903,109540,27303,62447,3872,9295,6442,181,332,,102,98336,2,,1495,9574,12887,2293054,0.097928145,0.047770353,,3082,55,974,,105,,,-506
2021-04-10,1283,,,,,,,,,,,,,,,,,,,,,,,,,,,,,,53152
2021-04-11,1036,,,,,,,,,,,,,,,,,,,,,,,,,,,,,,0
2021-04-12,970,,910,112829,28044,64404,4039,9594,6567,181,368,,121,101216,18,,1513,9937,9960,2327672,0.097389558,0.048472895,,,,,,,No reporting on VOC,,-54810
2021-04-13,873,,910,113702,28262,64916,4082,9666,6595,181,377,,116,102268,2,,1515,9756,8361,2336090,0.104413348,0.048671926,,,,,,,No reporting on VOC,,-440
2021-04-14,1168,,939,114870,28603,65548,4146,9771,6621,181,397,,120,103360,6,,1521,9821,12221,2348414,0.095573194,0.048913863,,3627,65,1529,,258,,,-527
2021-04-15,1205,,948,116075,28904,66278,4184,9840,6687,182,409,,125,104331,3,,1524,10052,13018,2361928,0.092564142,0.049144174,,,,,,,No reporting on VOC (but modelling presentation showed graphs of presumptive VOC for first time,,-661
2021-04-16,1005,,956,117080,29163,66814,4233,9950,6738,182,425,,127,105291,6,,1530,10081,11718,2373826,0.085765489,0.049321222,,3858,71,1810,,212,,,-426
2021-04-17,1027,,,,,,,,,,,,,,,,,,,,,,,,,,,,,,56864
2021-04-18,933,,,,,,,,,,,,,,,,,,,,,,,,,,,,,,0
2021-04-19,1000,,967,120040,29859,68659,4341,10161,6838,182,441,,138,108919,8,,1538,9353,9133,2405539,0.109493047,0.049901498,,3908,71,1893,,191,,,-58498
2021-04-20,849,,975,120889,30106,69133,4370,10228,6869,183,456,,148,109973,1,,1539,9145,8453,2414073,0.100437714,0.050076779,,4041,76,2062,,163,,,-407
2021-04-21,862,,988,121751,30306,69690,4395,10282,6895,183,483,,163,111039,7,,1546,8906,10951,2425431,0.078714273,0.050197676,,,,,,,No reporting on VOC,,-503
2021-04-22,1006,,,122757,30547,70290,4432,10365,6937,,502,,161,,4,,1550,,9529,2434960,0.105572463,0.050414381,,,,,,,No reporting on VOC,,-517
2021-04-23,1001,,996,123758,30762,70916,4458,10458,6976,188,486,,160,113139,4,,1554,8842,10753,2445713,0.0930903,0.050602013,,,,,,,No reporting on VOC. Data moved to Data portal.  Update on April 23 had 0 additional cases.,,-533
2021-04-24,881,,,,,,,,,,,,,,,,,,,,,,,,,,,,No reporting on VOC,,60458
2021-04-25,847,,,,,,,,,,,,,,,,,,,,,,,,,,,,No reporting on VOC,,0
2021-04-26,763,,996,126249,31228,72548,4540,10644,7080,189,484,,158,116241,17,,1571,8199,8236,2475309,0.092642059,0.051003329,,,,,,,No reporting on VOC,,-61904
2021-04-27,799,,1010,127048,31349,73082,4568,10760,7096,193,500,,164,117150,0,,1571,8089,8596,2483937,0.092950209,0.051147835,,,,,,,No reporting on VOC,,-418
2021-04-28,841,,1016,127889,31520,73623,4603,10834,7116,193,515,,171,118057,5,,1576,8009,11197,2497467,0.075109404,0.051207483,,,,,,,,,-467
2021-04-29,853,,1016,128742,31701,74197,4633,10877,7141,193,503,,178,118937,1,,1577,7996,10914,2508449,0.078156496,0.051323348,,,,,,,,,-531
2021-04-30,740,,1022,129482,31864,74628,4665,10969,7163,193,511,,174,119785,4,,1581,7886,10298,2518949,0.071858613,0.051403184,,,,,,,,,-339
2021-05-01,835,,,,,,,,,,,,,,,,,,,,,,,,,,,,,,63659
2021-05-02,671,,,,,,,,,,,,,,,,,,,,,,,,,,,,,,0
2021-05-03,668,,1022,131656,32302,76137,4726,11075,7223,193,474,,176,122518,15,,1596,7327,7429,2547386,0.089917889,0.051682784,,,,,,,,,-65062
2021-05-04,697,,1037,132353,32444,76593,4745,11140,7237,194,486,,173,123383,1,,1597,7161,8192,2554640,0.085083008,0.051808865,,,,,,,,,-391
2021-05-05,572,,1037,132925,32562,76955,4767,11197,7250,194,481,,161,124252,0,,1594,6877,10354,2565001,0.05524435,0.051822592,,,,,,,,,-305
2021-05-06,694,,1038,133619,32715,77400,4784,11249,7277,194,457,,154,125025,1,,1595,6802,9397,2574430,0.073853357,0.051902363,,,,,,,,,-393
2021-05-07,722,,1046,134341,32830,77923,4804,11287,7303,194,445,,157,125799,7,,1602,6757,9911,2591542,0.07284835,0.051838249,,,,,,,,,-485
2021-05-08,596,,,,,,,,,,,,,,,,,,,,,,,,,,,,,,66636
2021-05-09,605,,,,,,,,,,,,,,,,,,,,,,,,,,,,,,0
2021-05-10,558,,1049,136108,33143,79141,4848,11425,7357,194,426,,150,128149,22,,1624,6132,,,,,,,,,,,,,-67716
2021-05-11,515,,1058,136623,33259,79441,4868,11490,7369,196,426,,141,128782,0,,1624,6020,7976,2624219,0.064568706,0.052062347,,,,,,,,,-235
2021-05-12,600,,1059,137223,33409,79835,4876,11529,7378,196,423,,141,129524,3,,1627,5887,9109,2633369,0.065868921,0.052109294,,,,,,,,,-355
2021-05-13,587,,,137810,33535,80200,4897,11589,7392,,413,,141,,5,,1632,,8994,2642363,0.065265733,0.052154076,,,,,,,,,-305
2021-05-14,494,,1067,138304,33675,80488,4905,11622,7418,196,387,,141,130953,2,,1634,5548,8107,2650470,0.060934994,0.052180934,,,,,,,,,-255
2021-05-15,443,,,,,,,,,,,,,,,,,,,,,,,,,,,,,,68866
2021-05-16,493,,,,,,,,,,,,,,,,,,,,,,,,,,,,,,0
2021-05-17,424,,1067,139664,33966,81349,4941,11747,7465,196,350,,132,132841,14,,1648,5021,5887,2672490,0.072023102,0.052259877,,,,,,,,,-69602
2021-05-18,411,,1070,140075,34003,81634,4953,11816,7473,196,360,,127,133383,2,,1650,4890,7279,2679865,0.0564638,0.052269424,,,,,,,,,-216
2021-05-19,521,,1073,140596,34080,81969,4971,11878,7502,196,340,,118,133985,8,,1658,4815,8665,2688609,0.060126947,0.052293212,,,,,,,,,-273
2021-05-20,357,,1073,140953,34160,82179,4983,11911,7524,196,331,,113,134521,3,,1661,4636,7581,2696258,0.047091413,0.052277267,,,,,,,,,-177
2021-05-21,420,,1073,141373,34244,82419,4990,11969,7555,196,319,,107,135068,6,,1667,4507,8068,2704418,0.052057511,0.052274833,,,,,,,,,-182
2021-05-22,356,,,,,,,,,,,,,,,,,,,,,,,,,,,,,,70450
2021-05-23,325,,,,,,,,,,,,,,,,,,,,,,,,,,,,,,0
2021-05-24,293,,,,,,,,,,292,,96,,12,,1679,3953,,,,,,,,,,,,,0
2021-05-25,289,,1083,142636,34471,83225,5018,12121,7603,198,301,,93,137062,1,,1680,3782,5022,2728254,0.057546794,0.052281056,,,,,,,,,-71104
2021-05-26,250,,,142886,,,,,,,296,,97,137517,3,,1683,3580,,,,,,,,,,,,,71104
2021-05-27,378,,1083,143264,34653,83523,5036,12229,7625,198,286,,88,,7,,1690,3543,7500,2741667,0.0504,0.05225434,,,,,,,,,-71294
2021-05-28,317,,1086,143581,34726,83686,5041,12289,7641,198,292,,79,138360,2,,1692,3441,7425,2749205,0.042693603,0.052226371,,,,,,,,,-103
2021-05-29,258,,,,,,,,,,,,,,,,,,,,,,,,,,,,,,71397
2021-05-30,238,,,,,,,,,,,,,,,,,,,,,,,,,,,,,,0
2021-05-31,212,,1088,144289,34866,84080,5059,12402,7683,199,249,,78,139562,11,,1703,2953,4395,2766403,0.048236633,0.052157621,,,,,,,,,-71678
2021-06-01,184,,1098,144473,34194,84193,5060,12421,7685,200,254,,80,139899,0,,1703,2800,5157,2771709,0.035679659,0.052124159,,,,,,,,,-94
2021-06-02,194,,1100,144667,34947,84315,5062,12454,7689,200,246,,70,140238,4,,1707,2662,6862,2778754,0.028271641,0.052061823,,,,,,,,,-89
2021-06-03,199,,1103,144866,35015,84404,5064,12488,7695,200,224,,62,140537,2,,1709,2563,6235,2784856,0.0319166,0.052019207,,,,,,,,,-55
2021-06-04,183,,1104,145049,35055,84505,5067,12518,7704,200,224,,59,140835,1,,1710,2453,6151,2791058,0.02975126,0.051969182,,,,,,,,,-71
2021-06-05,218,,,,,,,,,,,,,,,,,,,,,,,,,,,,,,71987
2021-06-06,131,,,,,,,,,,,,,,,,,,,,,,,,,,,,,,0
2021-06-07,133,,1104,145530,35125,84790,5076,12619,7719,201,199,,63,,12,,1722,2102,4202,2807663,0.031651594,0.051833144,,,,,,,,,-72171
2021-06-08,165,,1104,145695,35155,84868,5086,12661,7724,201,203,,57,141879,0,,1722,2051,4954,2812796,0.033306419,0.051797215,,,,,,,,,-36
2021-06-09,148,,1104,145843,35178,84943,5096,12693,7732,201,195,,47,142106,3,,1725,1975,6621,2819430,0.022353119,0.051727832,,,,,,,,,-43
2021-06-10,153,,1104,145996,35199,85016,5107,12732,7741,201,176,,49,142314,4,,1729,1910,5889,2825595,0.025980642,0.051669117,,,,,,,,,-34
2021-06-11,180,,1109,146176,35210,85123,5120,12771,7751,201,162,,45,142526,1,,1730,1880,6727,2832633,0.026757842,0.051604285,,,,,,,,,-68
2021-06-12,96,,,,,,,,,,,,,,,,,,,,,,,,,,,,,,72352
2021-06-13,113,,,,,,,,,,,,,,,,,,,,,,,,,,,,,,0
2021-06-14,68,,1110,146453,35246,85271,5132,12834,7767,203,136,,42,,3,,1734,1537,4186,2849407,0.016244625,0.051397712,,,,,,,,,-72437
2021-06-15,108,,1114,146561,35257,85324,5136,12871,7770,203,139,,39,143299,0,,1734,1496,4697,2854294,0.0229934,0.051347549,,,,,,,,,-16
2021-06-16,113,,1114,146674,35284,85375,5140,12902,7770,203,134,,41,143449,4,,1738,1454,6143,2860888,0.018394921,0.051268697,,,,,,,,,-20
2021-06-17,120,,1113,146794,35297,85428,5145,12945,7775,204,131,,44,143579,1,,1739,1451,5838,2866950,0.020554985,0.051202149,,,,,,,,,-10
2021-06-18,109,,1113,146902,35310,85493,5145,12971,7780,203,128,,48,143748,1,,1740,1389,6149,2873426,0.01772646,0.051124337,,,,,,,,,-39
2021-06-19,94,,,,,,,,,,,,,,,,,,,,,,,,,,,,,,72522
2021-06-20,90,,,,,,,,,,,,,,,,,,,,,,,,,,,,,,0
2021-06-21,45,,1113,147131,35361,85592,5150,13031,7793,204,108,,47,144153,3,,1743,1204,3499,2889581,0.012860817,0.050917763,,,,,,,,,-72561
2021-06-22,56,,1113,147187,35373,85610,5153,13046,7800,205,111,,41,144263,0,,1743,1150,4202,2884562,0.013326987,0.051025771,,,,,,,,,-3
2021-06-23,87,,1113,147271,35386,85640,5156,13087,7797,205,109,,41,144383,1,,1744,1119,6034,2890878,0.014418296,0.050943347,,,,,,,,,11
2021-06-24,75,,1113,147346,35043,85684,5157,13099,7798,205,113,,34,144466,3,,1747,1111,5910,2897119,0.012690355,0.050859492,,,,,,,,,-32
2021-06-25,72,,,147418,35067,85713,5161,13112,7800,,108,,37,144554,,,1749,1096,,,,,,,,,,,,,-16
2021-06-26,57,,,,,,,,,,,,,,,,,,,,,,,,,,,,,,72601
2021-06-27,50,,,,,,,,,,,,,,,,,,,,,,,,,,,,,,0
2021-06-28,38,,1113,147549,35475,85781,5156,13130,7800,207,107,,37,144848,8,,1754,930,3664,2918054,0.010371179,0.050564177,,,,,,,,,-72651
2021-06-29,29,,1116,147578,35482,85788,5159,13140,7800,209,110,,34,144931,0,,1754,876,3369,2921862,0.008607896,0.050508203,,,,,,,,,3
2021-06-30,44,,1116,147621,35494,85805,5160,13154,7799,209,108,,34,145032,0,,1754,816,5042,2927192,0.008726696,0.050430925,,,,,,,,,-3
2021-07-01,49,,,,,,,,,,,,,,,,,,,,,,,,,,,,,,72651
2021-07-02,35,,1117,147705,35515,85841,5160,13179,7801,209,99,,30,145200,2,,1756,729,6063,2939024,0.00577272,0.05025648,,,,,,,,,-72662
2021-07-03,30,,,,,,,,,,,,,,,,,,,,,,,,,,,,,,72662
2021-07-04,37,,,,,,,,,,,,,,,,,,,,,,,,,,,,,,0
2021-07-05,20,,1117,147790,35518,85874,5161,13224,7802,211,85,,30,145362,3,,1759,652,4612,2953548,0.004336513,0.050038124,,,,,,,,,-72650
2021-07-06,46,,1117,147797,35502,85884,5163,13237,7800,211,87,,22,145420,0,,1759,602,4895,2958650,0.009397344,0.049954202,,,,,,,,,3
2021-07-07,59,,1117,147856,35515,85904,5166,13254,7802,215,86,,20,145455,0,,1759,624,6041,2965106,0.009766595,0.049865334,,,,,,,,,-3
2021-07-08,63,,1117,147919,35531,85926,5171,13273,7803,215,74,,19,145491,1,,1760,653,6974,2972495,0.009033553,0.049762573,,,,,,,,,-3
2021-07-09,45,,1117,148031,35545,86001,5175,13292,7803,215,73,,19,145594,0,,1760,661,6841,2979727,0.006577986,0.049679383,,,,,,,,,-56
2021-07-10,46,,,,,,,,,,,,,,,,,,,,,,,,,,,,,,72709
2021-07-11,47,,,,,,,,,,,,,,,,,,,,,,,,,,,,,,0
2021-07-12,30,,1117,148154,35583,86039,5180,13334,7803,215,66,,14,145722,0,,1760,658,5168,2999975,0.005804954,0.049385078,,,,,,,,,-72705
2021-07-13,33,,,148187,,,,,,,66,,14,,0,,1760,,,,,,,,,,,,,,72705
2021-07-14,41,,1121,148228,35598,86060,5184,13363,7806,217,65,,11,145817,0,,1760,639,7111,3013013,0.005765715,0.049195938,,,,,,,,,-72697
2021-07-15,58,,1121,148286,35607,86082,5189,13383,7807,218,63,,11,,1,,1761,654,7721,3021102,0.00751198,0.049083414,,,,,,,,,-2
2021-07-16,45,,1121,148331,35615,86095,5191,13404,7808,218,60,,12,145908,0,,1761,652,7767,3029262,0.005793743,0.048966052,,,,,,,,,8
2021-07-17,56,,,,,,,,,,,,,,,,,,,,,,,,,,,,,,72691
2021-07-18,60,,,,,,,,,,,,,,,,,,,,,,,,,,,,,,0
2021-07-19,40,,1121,148487,35642,86158,5195,13462,7811,219,49,,12,146062,2,,1763,653,6819,3050924,0.005865963,0.048669518,,,,,,,,,-72696
2021-07-20,76,,1121,147442,35651,86185,5198,13499,7811,219,50,,12,146099,0,,1763,692,6822,3058035,0.011140428,0.048214621,,,,,,,,,10
2021-07-21,78,,1121,148641,35674,86206,5200,13530,7812,219,48,,16,146142,0,,1763,729,9215,3068240,0.00846446,0.048445037,,,,,,,,,10
2021-07-22,89,,1121,148730,35692,86236,5203,13567,7813,219,53,,16,146178,0,,1763,781,7394,3075548,0.012036787,0.048358862,,,,,,,,,7
2021-07-23,112,,1127,148842,35707,86266,5208,13626,7816,219,46,,17,146463,4,,1767,603,8174,3084175,0.013701982,0.048259907,,,,,,,,,
2021-07-24,94,,,,,,,,,,,,,,,,,,,,,,,,,,,,,,
2021-07-25,79,,,,,,,,,,,,,,,,,,,,,,,,,,,,,,
2021-07-26,94,,1128,149109,35748,86314,5226,13781,7821,219,43,,17,146636,1,,1768,695,5428,3105818,0.017317612,0.048009574,,,,,,,,,
2021-07-27,150,,1129,149259,35765,86346,5229,13876,7824,219,44,,22,146700,0,,1768,783,5722,3111838,0.02621461,0.0479649,,,,,,,,,
2021-07-28,185,,,149444,35791,86381,5237,13989,7826,220,47,,20,,3,,1771,909,,,,,,,,,,,,,
2021-07-29,202,,1130,149646,35813,86440,5252,14091,7829,221,51,,20,146810,0,,1771,1053,7877,3129546,0.025644281,0.047817159,,,,,,,,,
2021-07-30,243,,,,,,,,,,47,,16,,,,,,,,,,,,,,,,,,
2021-07-31,160,,,,,,,,,,,,,,,,,,,,,,,,,,,,,,
2021-08-01,196,,,,,,,,,,,,,,,,,,,,,,,,,,,,,,
2021-08-02,185,,,,,,,,,,,,,,,,,,,,,,,,,,,,,,
2021-08-03,201,,1133,150631,35960,86661,5307,14617,7862,224,53,,19,147285,1,,1772,1544,7390,3173365,0.027198917,0.047467278,,,,,,,,,
2021-08-04,342,,1139,150973,36017,86727,5339,14788,7875,227,55,,23,147409,0,,1772,1764,8082,3181760,0.042316258,0.047449525,,,,,,,,,
2021-08-05,402,,1139,151375,36058,86809,5364,15022,7895,227,58,,21,147510,0,,1772,2066,10336,3192491,0.038893189,0.047415952,,,,,,,,,
2021-08-06,464,,1140,151839,36118,86881,5391,15297,7924,228,52,,24,147627,0,,1772,2411,11992,3205006,0.038692462,0.047375574,,,,,,,,,
2021-08-07,422,,,,,,,,,,,,,,,,,,,,,,,,,,,,,,
2021-08-08,364,,,,,,,,,,,,,,,,,,,,,,,,,,,,,,
2021-08-09,293,,,,,,,,,,68,,20,,5,,1777,,,,,,,,,,,,,,
2021-08-10,395,,1142,153313,36321,87239,5484,16071,7969,229,71,,23,148215,0,,1777,3284,8437,3234781,0.046817589,0.047395171,,,,,,,,,
2021-08-11,536,,1146,153849,36426,87374,5510,16329,7981,229,72,,29,148446,1,,1778,3585,13486,3258575,0.039744921,0.047213583,,,,,,,,,
2021-08-12,513,,1147,154362,36518,87482,5539,16600,7994,229,81,,33,148702,1,,1779,3834,12872,3278077,0.039853947,0.047089193,,,,,,,,,
2021-08-13,717,,1158,155079,36619,87622,5579,16976,8054,229,82,,39,148964,0,,1779,4277,12120,3290309,0.059158416,0.047132047,,,,,,,,,
2021-08-14,532,,,,,,,,,,,,,,,,,,,,,,,,,,,,,,
2021-08-15,441,,,,,,,,,,,,,,,,,,,,,,,,,,,,,,
2021-08-16,461,,1162,156513,36817,87938,5691,17710,8128,229,104,,47,149553,1,,1780,5090,8793,3332128,0.052428068,0.046970885,,,,,,,,,
2021-08-17,501,,1171,157014,36909,88077,5719,17915,8163,,111,,51,149847,1,,1781,5296,,,,,,,,,,,,,
2021-08-18,553,,1172,157567,37006,88229,5757,18145,8199,231,107,,53,150102,1,,1782,5580,11782,3354688,0.046936004,0.046969197,,,,,,,,,
2021-08-19,689,,1172,158256,37129,88448,5799,18423,8226,231,121,,56,150377,2,,1784,5982,12407,3367304,0.055533167,0.046997836,,,,,,,,,
2021-08-20,663,,1179,158919,37264,88610,5853,18697,8264,231,129,,59,150657,1,,1785,6345,13003,3392077,0.050988233,0.046850057,,,,,,,,,
2021-08-21,724,,,,,,,,,,,,,,,,,,,,,,,,,,,,,,
2021-08-22,545,,,,,,,,,,,,,,,,,,,,,,,,,,,,,,
2021-08-23,442,,1182,160630,37554,89029,5986,19465,8364,232,133,,80,153627,16,,1801,5056,9785,3426402,0.04517118,0.04688008,,,,,,,,,
2021-08-24,641,,1183,161271,37679,89178,6039,19738,8403,234,138,,78,153967,0,,1801,5357,11034,3437556,0.058093167,0.046914436,,,,,,,,,
2021-08-25,698,,1188,161969,37808,89381,6108,19990,8448,234,139,,75,154669,1,,1802,5356,13971,3472991,0.049960633,0.046636746,,,,,,,,,
2021-08-26,724,,1193,162693,37950,89566,6172,20261,8510,234,149,,83,155096,2,,1804,5640,14770,3477610,0.04901828,0.046782992,,,,,,,,,
2021-08-27,867,,1197,163560,38115,89794,6235,20611,8571,234,159,,84,155928,3,,1807,5657,15223,3493136,0.056953294,0.046823256,,,,,,,,,
2021-08-28,769,,,,,,,,,,,,,,,,,,,,,,,,,,,,,,
2021-08-29,581,,,,,,,,,,,,,,,,,,,,,,,,,,,,,,
2021-08-30,503,,1201,165413,38410,90269,6413,21318,8713,234,176,,91,157419,7,,1814,5918,10315,3530792,0.048763936,0.046848696,,,,,,,,,
2021-08-31,655,,1216,166068,38509,90511,6481,21560,8773,234,187,,103,157941,2,,1816,6045,9281,3540260,0.070574292,0.046908419,,,,,,,,,
2021-09-01,785,,1221,166853,38619,90757,6550,21826,8867,234,199,,112,158900,2,,1818,5873,13218,3553827,0.059388712,0.046950231,,,,,,,,,
2021-09-02,801,,1221,167654,38747,91024,6616,22063,8970,234,199,,116,159560,6,,1824,5931,15725,3569860,0.050937997,0.046963746,,,,,,,,,
2021-09-03,671,,1223,168325,38825,91254,6660,22293,9059,234,215,,118,160268,3,,1827,5872,13356,3583476,0.050239593,0.046972548,,,,,,,,,
2021-09-04,695,,,,,,,,,,,,,,,,,,,,,,,,,,,,,,
2021-09-05,634,,,,,,,,,,,,,,,,,,,,,,,,,,,,,,
2021-09-06,563,,,,,,,,,,,,,,,,,,,,,,,,,,,,,,
2021-09-07,533,,1228,170750,39193,91959,6862,23131,9371,234,255,,126,163062,15,,1842,5465,9011,3628989,0.059149928,0.047051672,,,,,,,,,
2021-09-08,814,,1244,171564,39328,92200,6952,23403,9443,238,261,,129,163793,0,,1842,5550,9415,3638608,0.08645778,0.047150998,,,,,,,,,
2021-09-09,774,,1247,172338,39451,92433,7017,23646,9541,240,262,,130,164470,5,,1847,5594,13318,3652264,0.058116834,0.047186622,,,,,,,,,
2021-09-10,820,,1256,173158,39563,92697,7107,23909,9642,240,281,,135,165027,9,,1856,5850,14867,3667579,0.055155714,0.047213162,,,,,,,,,
2021-09-11,823,,,,,,,,,,,,,,,,,,,,,,,,,,,,,,
2021-09-12,641,,,,,,,,,,,,,,,,,,,,,,,,,,,,,,
2021-09-13,520,,1256,175142,39882,93306,7327,24451,9936,240,278,,139,167078,9,,1865,5825,9566,3703716,0.054359189,0.047288183,,,,,,,,,
2021-09-14,677,,1276,175819,39894,93543,7413,24604,10035,240,288,,140,167416,1,,1866,6165,10244,3714161,0.066087466,0.047337474,,,,,,,,,
2021-09-15,661,,1278,175202,40083,93780,7479,24800,10097,241,288,,137,168459,7,,1873,5791,13249,3727717,0.049890558,0.046999812,,,,,,,,,
2021-09-16,706,,1281,177186,40188,93983,7560,25013,10201,241,291,,134,169083,4,,1877,5844,14178,3742264,0.049795458,0.047347274,,,,,,,,,
2021-09-17,768,,1300,177954,40271,94222,7662,25916,10362,241,298,,136,169653,11,,1888,6031,13614,3756252,0.056412517,0.047375416,,,,,,,,,
2021-09-18,644,,,,,,,,,,,,,,,,,,,,,,,,,,,,,,
2021-09-19,613,,,,,,,,,,,,,,,,,,,,,,,,,,,,,,
2021-09-20,435,,1287,179653,40483,94757,7880,25579,10678,276,307,,156,171769,11,,1899,5616,9667,3722309,0.044998448,0.04826386,,,,,,,,,
2021-09-21,,,,,,,,,,,,,,,1,,1900,,,,,,,,,,,,,,
2021-09-22,759,,1312,180937,40635,95158,8020,25959,10886,279,324,,157,173215,10,,1910,5458,15846,3748706,0.047898523,0.048266522,,,,,,,,,
2021-09-23,861,,1318,181798,40751,95530,8106,26123,11009,279,330,,148,173786,5,,1915,5726,17965,3766744,0.047926524,0.048263965,,,,,,,,,
2021-09-24,743,,1318,182541,40862,95822,8163,26300,11115,279,319,,149,174281,7,,1922,5979,16338,3783191,0.045476803,0.048250538,,,,,,,,,
2021-09-25,876,,,,,,,,,,,,,,,,,,,,,,,,,,,,,,
2021-09-26,657,,,,,,,,,,,,,,,,,,,,,,,,,,,,,,
2021-09-27,706,,1318,184780,41118,96679,8393,26825,11473,292,303,,141,176354,18,,1940,6098,13234,3825911,0.053347438,0.048296994,,,,,,,,,
2021-09-28,652,,1327,185432,41188,96898,8475,26987,11590,294,316,,141,177113,2,,1942,5992,11518,3837593,0.05660705,0.048319871,,,,,,,,,
2021-09-29,813,,1334,186245,41290,97201,8557,27195,11708,294,340,,146,177729,11,,1953,6185,16525,3854215,0.049198185,0.048322421,,,,,,,,,
2021-09-30,749,,,,41403,97468,8621,27352,11856,,,,145,,9,,1962,,,,,,,,,,,,,,
2021-10-01,714,,1339,187694,41476,97738,8678,27551,11957,294,328,,138,178980,11,,1973,6317,16677,3888004,0.042813456,0.048275156,,,,,,,,,
2021-10-02,617,,,,,,,,,,,,,,,,,,,,,,,,,,,,,,
2021-10-03,707,,,,,,,,,,,,,,,,,,,,,,,,,,,,,,
2021-10-04,662,,1352,189779,41704,98536,8932,28000,12312,295,326,,142,181304,10,,1983,6085,12873,3930300,0.051425464,0.048286136,,,,,,,,,
2021-10-05,593,,,,41772,98739,9039,28128,12399,295,345,,144,,0,,1983,,,,,,,,,,,,,,
2021-10-06,752,,1363,191124,41857,99036,9115,28292,12529,295,350,,136,182786,9,,1992,5945,15885,3958200,0.047340258,0.048285584,,,,,,,,,
2021-10-07,624,,1367,191748,41935,99294,9194,28410,12620,295,373,,132,183406,4,,1996,5929,16714,3975001,0.037333972,0.048238478,,,,,,,,,
2021-10-08,743,,1369,192491,42004,99559,9264,28553,12816,295,360,,137,184121,5,,2001,5969,16522,3991604,0.044970343,0.048223972,,,,,,,,,
2021-10-09,608,,,,,,,,,,,,,,,,,,,,,,,,,,,,,,
2021-10-10,634,,,,,,,,,,,,,,,,,,,,,,,,,,,,,,
2021-10-11,468,,,,,,,,,,,,,,,,,,,,,,,,,,,,,,
2021-10-12,385,,1373,194581,42233,100373,9556,28957,13167,295,357,,153,186955,28,,2029,5183,9553,4041632,0.040301476,0.048144166,,,,,,,,,
2021-10-13,605,,1391,195186,42315,100618,9648,29076,13234,295,374,,153,187564,4,,2033,5172,11125,4052916,0.054382022,0.048159399,,,,,,,,,
2021-10-14,580,,,195766,42368,100864,9777,29180,13363,295,,,,,9,,2042,5348,,,,,,,,,,,,,
2021-10-15,667,,1404,196433,42443,101110,9755,29281,13547,297,367,,152,188851,13,,2055,5128,16890,408452,0.039490823,0.480920647,,,,,,,,,
2021-10-16,753,,,,,,,,,,,,,,,,,,,,,,,,,,,,,,
2021-10-17,650,,,,,,,,,,,,,,,,,,,,,,,,,,,,,,
2021-10-18,443,,1410,198278,42655,101847,9924,29603,13953,296,360,,151,190918,26,,2081,4917,11400,4125787,0.038859649,0.048058225,,,,,,,,,
2021-10-19,560,,1418,198838,42735,102055,9985,29682,14084,297,382,,146,191476,5,,2086,4913,11532,4137348,0.048560527,0.048059288,,,,,,,,,
2021-10-20,696,,1426,199534,42811,102307,10044,29800,14275,297,370,,139,192189,6,,2092,4888,15259,4152665,0.045612425,0.048049626,,,,,,,,,
2021-10-21,715,,1426,200249,42871,102592,10105,29937,14447,297,377,,136,192819,4,,2096,4965,15277,4167958,0.046802383,0.04804487,,,,,,,,,
2021-10-22,649,,1426,200898,42932,102873,10194,30025,14577,297,365,,142,193325,13,,2109,5106,14635,4182625,0.044345747,0.048031559,,,,,,,,,
2021-10-23,613,,,,,,,,,,,,,,,,,,12526,,0.048938209,#DIV/0!,,,,,,,,,
2021-10-24,529,,,,,,,,,,,,,,,,,,9979,,0.053011324,#DIV/0!,,,,,,,,,
2021-10-25,476,,,,,,,,,,,,,,,,,,10862,,0.0438225,#DIV/0!,,,,,,,,,
2021-10-26,633,,,,,,,,,,,,,,,,,,14781,,0.042825249,#DIV/0!,,,,,,,,,
2021-10-27,758,,,,,,,,,,,,,,,,,,14764,,0.0513411,#DIV/0!,,,,,,,,,
2021-10-28,577,,,,,,,,,,,,,,,,,,14230,,0.040548138,#DIV/0!,,,,,,,,,
2021-10-29,574,,,,,,,,,,,,,,,,,,13527,,0.042433651,#DIV/0!,,,,,,,,,
2021-10-30,488,,,,,,,,,,,,,,,,,,12306,,0.039655453,#DIV/0!,,,,,,,,,
2021-10-31,340,,,,,,,,,,,,,,,,,,9532,,0.035669324,#DIV/0!,,,,,,,,,
2021-11-01,375,,,,,,,,,,,,,,,,,,10607,,0.035354012,#DIV/0!,,,,,,,,,
2021-11-02,440,,,,,,,,,,,,,,,,,,13842,,0.031787314,#DIV/0!,,,,,,,,,
2021-11-03,603,,,,,,,,,,,,,,,,,,14877,,0.040532365,#DIV/0!,,,,,,,,,
2021-11-04,539,,,,,,,,,,,,,,,,,,15439,,0.034911588,#DIV/0!,,,,,,,,,
2021-11-05,549,,,208265,,,,,,,441,,129,201267,,,,4483,13513,,0.040627544,#DIV/0!,,,,,,,,,
2021-11-06,553,,,,,,,,,,,,,,,,,,12854,,0.043021628,#DIV/0!,,,,,,,,,
2021-11-07,462,,,,,,,,,,,,,,,,,,,,,,,,,,,,,,
2021-11-08,423,,1494,209703,43912,106486,11346,31592,16068,299,407,,121,202898,17,,2218,4282,11415,4400648,0.037056505,0.047652755,,,,,,,"Data updates from this date done by Eully Ao and Lauren McBurnie; blue is from Pandemic Daily Update, yellow from BC COVID-19 Dashboard.",,
2021-11-09,500,,1515,210203,43960,106638,11422,31713,16171,299,426,,124,203375,5,,2223,4301,10129,4410837,0.049363215,0.047656034,,,,,,,Pandemic daily update: (Example https://news.gov.bc.ca/releases/2021HLTH0065-002033,,
2021-11-10,555,,1518,210758,44010,106835,11510,31827,16277,299,404,,117,203909,11,,2234,4321,15230,4426135,0.036441234,0.047616713,,,,,,,BC Covid-19 Dashboard: https://experience.arcgis.com/experience/a6f23959a8b14bfa989e3cda29297ded,,
2021-11-11,519,,,,,,,,,,,,,,,,,,,,,,,,,,,,,"Daily numbers from 10-25 to 11-07 currently only available as raw data, will do some number crunching.",
2021-11-12,473,,1519,211750,44127,107143,11648,32090,16443,299,384,,124,204963,23,,2257,4265,13329,4453752,0.035486533,0.047544183,,,,,,,"*""Out of province"" number taken from ""Out of Canada"" data category, British Columbia COVID-19 Dashboard",,
2021-11-13,502,,,,,,,,,,,,,,,,,,,,,,,,,,,,"# of deaths is for the 48 hours (Nov 11-12. Number of active cases for Nov 11-12 from the pandemic daily update matches the number of active cases from the dashboard (updated nov 12, 4pm --> use second day in the range",,
2021-11-14,387,,,,,,,,,,,,,,,,,,,,,,,,,,,,,,
2021-11-15,381,,1529,213020,44248,107560,11831,32365,16717,299,376,,116,206665,16,,2273,3837,10322,4488677,0.036911451,0.047457191,,,,,,,# deaths is for 72 hours,,
2021-11-16,338,,1547,213358,44288,107720,11873,32404,16774,299,376,,107,207275,1,,2274,3568,9631,4498363,0.035095006,0.047430143,,,,,,,,,
2021-11-17,324,,1549,213682,44348,107828,11906,32454,16847,299,379,,109,207779,7,,2281,3380,11826,4510236,0.02739726,0.047377122,,,,,,,,,
2021-11-18,468,,1554,214150,44417,108001,11978,32539,16915,300,355,,110,208284,9,,2290,3345,14062,4524329,0.033281183,0.047332986,,,,,,,,,
2021-11-19,497,,1558,214636,44481,108139,12049,32685,16993,289,358,,109,208702,3,,2293,3420,14603,4538959,0.034034103,0.047287495,,,,,,,Out of province case # dropped on the dashboard? ,https://news.gov.bc.ca/releases/2021HLTH0073-002213,
2021-11-20,390,,,,,,,,,,,,,,,,,,,,,,,,,,,,,,
2021-11-21,332,,,,,,,,,,,,,,,,,,,,,,,,,,,,,,
2021-11-22,330,,1561,215688,44606,108484,12208,32912,17189,289,337,,115,210070,10,,2303,3137,9443,4571441,0.034946521,0.047181622,,,,,,,,,
2021-11-23,324,,1565,216012,44644,108586,12244,32989,17249,300,345,,115,210478,1,,2304,3047,9639,4581117,0.033613445,0.047152692,,,,,,,,,
2021-11-24,322,,1567,216334,44694,108686,12286,33075,17293,300,318,,109,210828,9,,2313,3015,12757,4593893,0.025241044,0.04709165,,,,,,,,,
2021-11-25,424,,1568,216758,44765,108826,12349,33168,17359,300,295,,112,211202,3,,2316,3061,13944,4607884,0.030407344,0.047040681,,,,,,,,,
2021-11-26,341,,1572,217099,44830,108926,12417,33245,17390,300,291,,115,211577,6,,2322,3035,10761,,0.031688505,#DIV/0!,,,,,,,,,
2021-11-27,389,,,,,,,,,,,,,,,,,,,,#DIV/0!,#DIV/0!,,,,,,,,,
2021-11-28,309,,,,,,,,,,,,,,,,,,,,#DIV/0!,#DIV/0!,,,,,,,,,
2021-11-29,272,,1574,218068,44924,109232,12655,33434,17524,299,303,,115,212704,11,,2333,2882,8657,4652089,0.03141966,0.046875285,,,,,,,,,
2021-11-30,358,,1577,218426,44977,109339,12712,33519,17580,299,300,,104,213053,0,,2333,2889,10228,4662340,0.035001955,0.046849007,,,,,,,,,
2021-12-01,375,,1577,"218,801",45047,109437,12788,33588,17642,300,301,,98,"213,395",7,,2340,2936,12817,,0.029258017,#DIV/0!,,,,,,,,,
2021-12-02,368,,1580,219180,45097,109527,12875,33698,17683,300,284,,97,213694,5,,2345,3020,12804,4668208,0.028741018,0.046951635,,,,,,,,,
2021-12-03,405,,1585,219584,45142,109637,12971,33795,17740,300,276,,95,214047,6,,2351,3071,12060,,0.03358209,#DIV/0!,,,,,,,,,
2021-12-04,351,,,,,,,,,,,,,,,,,,,,#DIV/0!,#DIV/0!,,,,,,,,,
2021-12-05,311,,,,,,,,,,,,,,,,,,,,#DIV/0!,#DIV/0!,,,,,,,,,
2021-12-06,284,,1600,220530,45280,109922,13168,34006,17855,300,241,,89,215190,11,,2362,2876,,,#DIV/0!,#DIV/0!,,,,,,,,,
2021-12-07,326,,1609,220856,45333,110014,13239,34094,17877,299,242,,82,215577,1,,2363,2814,10338,4726020,0.031534146,0.046731922,5,,,,,,,,
2021-12-08,379,,1609,221235,45397,110118,13304,34188,17926,302,224,,77,215884,6,,2369,2874,13761,4739823,0.027541603,0.046675794,,,,,,,,,
2021-12-09,341,,1609,221576,45458,110201,13402,34258,17955,302,220,,73,216185,9,,2378,2915,13846,4753688,0.024628051,0.046611389,,,,,,,,,
2021-12-10,437,,1616,222013,45548,110306,13529,34351,17977,302,211,,72,216542,3,,2381,2994,14535,4768247,0.030065359,0.046560717,10,,,,,,,,
2021-12-11,415,,,,,,,,,,,,,,,,,,,,#DIV/0!,#DIV/0!,,,,,,,,,
2021-12-12,365,,,,,,,,,,,,,,,,,,,,#DIV/0!,#DIV/0!,,,,,,,,,
2021-12-13,349,,,223142,45750,110648,13836,34551,18055,302,185,,72,217705,5,,2386,2949,12203,,0.028599525,#DIV/0!,,,,,,,,,
2021-12-14,519,,1624,223661,45856,110758,13959,34696,18089,303,191,,81,218001,0,,2386,3171,12203,4815699,0.042530525,0.04644414,44,,,,,,,,
2021-12-15,584,,1626,224245,46036,110930,14068,34788,18120,303,193,,77,218295,7,,2393,3458,14768,4830495,0.039544962,0.046422779,,,,,,,,,
2021-12-16,753,,1627,224998,46276,111162,14205,34887,18165,303,184,,70,218616,3,,2396,3878,,,#DIV/0!,#DIV/0!,135,,,,,,,,
2021-12-17,789,,1631,225785,46562,111348,14352,35018,18204,303,191,,74,218960,3,,2399,4313,,,#DIV/0!,#DIV/0!,302,,,,,,,,
2021-12-18,911,,,,,,,,,,,,,,,,,,,,#DIV/0!,#DIV/0!,,,,,,,,,
2021-12-19,832,,,,,,,,,,,,,,,,,,,,#DIV/0!,#DIV/0!,,,,,,,,,
2021-12-20,807,,1631,228335,47471,112225,14767,35286,18285,301,185,,77,220348,3,,2402,5435,13602,4909530,0.05932951,0.046508525,,,,,,,,,
2021-12-21,1303,,1641,229643,47996,112644,14969,35424,18308,302,192,,76,220741,1,,2403,6348,14940,4924477,0.087215529,0.046632972,756,,,,,,,,
2021-12-22,1528,,1642,231171,48705,113116,15144,35560,18343,303,187,,71,221280,6,,2409,7307,16259,4940761,0.093978719,0.046788541,,,,,,,,,
2021-12-23,2046,,1647,233217,49585,113857,15392,35683,18396,304,195,,75,221872,1,,2410,8739,20133,4960947,0.101624199,0.047010581,975,,,,,,,,
2021-12-24,2441,,1647,235658,50552,114858,15611,35871,18462,304,192,,71,222604,4,,2414,10415,21123,4982117,0.115561237,0.047300776,1613,,,,,,,,
2021-12-25,2552,,,,,,,,,,,,,,,,,,,,#DIV/0!,#DIV/0!,,,,,,,regular reporting of cases resums dec 29,,
2021-12-26,2023,,,,,,,,,,,,,,,,,,,,#DIV/0!,#DIV/0!,,,,,,,regular reporting of cases resums dec 29,,
2021-12-27,1713,,,241946,52034,118039,16348,36584,18636,305,,,,,,,,,,,#DIV/0!,#DIV/0!,,,,,,,"regular reporting of cases resums dec 29, case counts provided on Monday, Dec. 27, 2021, are preliminary, number of cases were calculated, might be off by a few cases",,
2021-12-28,1785,,,243731,52434,118830,16631,36853,18678,305,,,,,,,,,,,#DIV/0!,#DIV/0!,,,,,,,"regular reporting of cases resums dec 29, Case counts provided on Tuesday, Dec. 28, 2021, are preliminary, number of cases were calculated, might be off by a few cases",,
2021-12-29,2944,,1648,246671,53005,120421,16940,37227,18777,305,206,,66,227780,5,,2419,16014,,,#DIV/0!,#DIV/0!,2452,,,,,,"number of cases were calculated, might be off by a few cases",,
2021-12-30,4383,,1669,251054,53979,122740,17400,37727,18899,309,211,,66,230784,1,,2420,17357,17766,5073751,0.246707194,0.049480946,2825,,,,,,,,
2021-12-31,3795,,1671,254849,54944,124684,17834,38047,19028,312,220,,73,231058,3,,2423,20811,15252,5089120,0.248819827,0.050077224,,,,,,,,,
2022-01-01,4033,,,,,,,,,,,,,,,,,,,,#DIV/0!,#DIV/0!,,,,,,,,,
2022-01-02,3069,,,,,,,,,,,,,,,,,,,,#DIV/0!,#DIV/0!,,,,,,,,,
2022-01-03,2230,,,,56741,129543,18951,39232,19402,,,,,,,,,,,,#DIV/0!,#DIV/0!,,,,,,,"Note: case counts provided today are preliminary, will return to regular reporting of COVID-19 cases, vaccinations, hospitalizations and deaths, and cases and hospitalizations by vaccination status, on Tuesday, Jan. 4",,
2022-01-04,2542,,1674,266710,57066,131001,19305,39499,19527,312,298,,86,236309,4,,2427,27106,12876,5146819,0.19742156,0.051820357,,,,,,,,,
2022-01-05,3798,,1685,270508,57906,132740,19871,39972,19706,313,317,,83,237195,0,,2427,29967,14967,5161935,0.253758268,0.052404379,,,,,,,,,
2022-01-06,3223,,1686,273731,58568,134278,20288,40380,19900,317,324,,90,238524,3,,2430,31817,14424,5176497,0.223447033,0.052879582,,,,,,,,,
2022-01-07,3144,,1692,276875,59051,135694,20763,40906,20144,317,349,,93,240198,9,,2439,33184,15113,5191717,0.208032819,0.053330141,,,,,,,,,
2022-01-08,2573,,,,,,,,,,,,,,,,,,,,#DIV/0!,#DIV/0!,,,,,,,,,
2022-01-09,2287,,,,,,,,,,,,,,,,,,,,#DIV/0!,#DIV/0!,,,,,,,,,
2022-01-10,2106,,1696,283841,60118,138366,22012,42299,20728,318,431,,95,243953,7,,2446,34551,11476,5230482,0.183513419,0.0542667,,,,,,,,,
2022-01-11,2239,,1705,286080,60501,139173,22574,42617,20895,320,469,,97,244551,3,,2449,38087,12308,5242905,0.181914202,0.05456517,,,,,,,,,
2022-01-12,2612,,1713,288692,61023,140069,23039,43124,21117,320,500,,102,246693,6,,2455,36394,14787,5257817,0.176641645,0.054907198,,,,,,,,,
2022-01-13,2554,,1719,291246,61508,140954,23451,43586,21421,326,534,,102,249458,7,,2462,36049,14717,5272664,0.173540803,0.055236973,,,,,,,,,
2022-01-14,2275,,1724,293521,62031,141767,23748,43998,21648,329,646,,95,251846,6,,2468,35943,13688,5286492,0.166203974,0.055522831,,,,,,,,,
2022-01-15,2383,,,,,,,,,,,,,,,,,,,,#DIV/0!,#DIV/0!,,,,,,,,,
2022-01-16,1733,,,,,,,,,,,,,,,,,,,,#DIV/0!,#DIV/0!,,,,,,,,,
2022-01-17,1509,,1730,299146,63186,143651,24429,45343,22204,333,819,,99,257677,22,,2490,35985,9755,5322413,0.154689903,0.056204958,,,,,,,,,
2022-01-18,1975,,,301121,63689,144382,24604,45821,22292,333,854,,112,258417,2,,2492,37167,10408,,0.189757879,#DIV/0!,,,,,,,,,
2022-01-19,2387,,1742,303565,64155,145164,24941,46372,22596,335,895,,115,262591,13,,2505,35770,12135,5345192,0.19670375,0.05679216,,,,,,,,,
2022-01-20,2150,,0,305715,64609,145740,25295,46935,22799,335,891,,119,265765,15,,2520,34835,12189,,0.176388547,#DIV/0!,,,,,,,,,
2022-01-21,2364,,1742,308079,65108,146428,25629,47590,22989,335,924,,130,269137,9,,2529,33997,11902,,0.19862208,#DIV/0!,,,,,,,"Note: Recovered Cases, Overall B.C. Average Testing Rate, and Total Tests have all been removed from the BC Covid Dashboard and won't be shown going forward. ",,
2022-01-22,2163,,,,,,,,,,,,,,,,,,,,,,,,,,,,,,
2022-01-23,1489,,,,,,,,,,,,,,,,,,,,,,,,,,,,,,
2022-01-24,1345,,1745,313076,65970,148130,26255,48841,23544,336,987,,129,276529,2,,2553,31822,8514,,0.1579751,,,,,,,,,,
2022-01-25,1711,,1744,314787,66306,148610,26492,49278,23761,340,930,,144,277285,1,,2554,32733,8036,,0.212916874,,,,,,,,,,
2022-01-26,2086,,1744,316873,66770,149390,26711,49733,23929,340,949,,136,282189,21,,2575,30058,10940,,0.190676417,,,,,,,,,,
2022-01-27,2033,,1744,318906,67148,150075,26977,50272,24094,340,977,,141,"284,832",13,,2588,29556,11162,,0.182135818,,,,,,,,,,
2022-01-28,2137,,1744,320540,67542,150815,27241,50841,24264,340,990,,141,"286,134",9,,2597,30515,10261,,0.208264302,,,,,,,,Data correction affected totals reported on the Data portal on this date (numbers are from BC Gov News report),,
2022-01-29,1725,,,,,,,,,,,,,,,,,,,,,,,,,,,,,,
2022-01-30,1293,,,,,,,,,,,,,,,,,,,,,,,,,,,,,,
2022-01-31,1057,,1749,324615,67906,151509,27884,52140,24827,349,1048,,138,293124,19,,2616,27454,7497,,0.140989729,,,,,,,,,,
2022-02-01,1236,,1751,325851,68118,151762,28072,52546,24998,353,1035,,139,293488,28,,2625,28302,8848,,0.139692586,,,,,,,,,,
2022-02-02,1776,,1755,327625,68366,152269,28294,53148,25195,353,988,,136,297682,18,,2643,25959,10097,,0.17589383,,,,,,,,,,
2022-02-03,1518,,1755,329143,68583,152693,28511,53579,25422,355,985,,145,299657,13,,2656,25554,8749,,0.173505544,,,,,,,,,,
2022-02-04,1495,,1758,330638,68760,153042,28729,54112,25638,357,946,,139,301573,19,,2675,25175,10349,,0.144458402,,,,,,,,,,
2022-02-05,1326,,,,,,,,,,,,,,,,,,,,#DIV/0!,,,,,,,,,,
2022-02-06,1118,,,,,,,,,,,,,,,,,,,,#DIV/0!,,,,,,,,,,
2022-02-07,843,,1761,333925,69200,153906,29207,55111,26137,364,987,,141,306419,32,,2707,23739,7531,,0.111937326,,,,,,,,,,
2022-02-08,1117,,1766,335042,69380,154095,29382,55487,26329,369,986,,146,306888,0,,2707,24372,7128,,0.156705948,,,,,,,,,,
2022-02-09,1187,,1770,336229,69527,154411,29545,55857,26520,369,893,,143,310533,18,,2725,21974,9275,,0.127978437,,,,,,,,,,
2022-02-10,1318,,1770,337547,69695,154686,29744,56301,26752,369,867,,138,no longer reported,5,,2730,no longer reported,9863,,0.133630741,,,,,,,,"As of today, the number of active cases and those that have discontinued isolation have been removed from the COVID-19 pandemic update and will no longer be updated on the daily BCCDC dashboard.",,
2022-02-11,1038,,1781,338585,69820,154905,29926,56649,26915,370,846,,136,,17,,2747,,9649,,0.107575915,,,,,,,,,,
2022-02-12,1151,,,,,,,,,,,,,,,,,,,,#DIV/0!,,,,,,,,,,
2022-02-13,883,,,,,,,,,,,,,,,,,,,,#DIV/0!,,,,,,,,,,
2022-02-14,667,,1781,341286,70315,155688,30349,57325,27239,370,803,,119,,17,,2764,,6486,,0.102836879,,,,,,,,,,
2022-02-15,519,,1790,341532,70177,155553,30427,57612,27384,379,787,,124,,2,,2766,,6659,,0.077939631,,,,,,,,,,
2022-02-16,750,,1793,342282,70270,155720,30532,57889,27492,379,762,,121,,11,,2777,,7591,,0.098801212,,,,,,,,,,
2022-02-17,657,,1793,342939,70348,155875,30635,58087,27615,379,744,,120,,5,,2781,,8377,,0.078429032,,,,,,,,,,
2022-02-18,692,,1793,343361,70423,156032,30740,58304,27753,379,733,,113,,5,,2786,,6655,,0.103981968,,,,,,,,,,
2022-02-19,,,,,,,,,,,,,,,,,,,,,#DIV/0!,,,,,,,,,,
2022-02-20,,,,,,,,,,,,,,,,,,,,,#DIV/0!,,,,,,,,,,
2022-02-21,,,,,,,,,,,,,,,,,,,,,#DIV/0!,,,,,,,,,,
2022-02-22,364,,1796,345397,70623,156458,31015,58964,27953,384,688,,108,,0,,2830,,6142,,0.059264083,,,,,,,,,,
2022-02-23,799,,1796,346196,70675,156567,31155,59244,28167,388,653,,108,,1,,2831,,6654,,0.120078149,,,,,,,,,,
2022-02-24,597,,1800,346793,70739,156685,31268,59438,28275,388,612,,102,,9,,2840,,8898,,0.067093729,,,,,,,,,,
2022-02-25,538,,1801,347331,70803,156779,31363,59639,28359,388,599,,96,,12,,2851,,8275,,0.065015106,,,,,,,,,,
2022-02-26,398,,,,,,,,,,,,,,,,,,,,#DIV/0!,,,,,,,,,,
2022-02-27,297,,,,,,,,,,,,,,,,,,,,#DIV/0!,,,,,,,,,,
2022-02-28,279,,1801,348305,70903,157009,31578,59958,28469,388,549,,85,,22,,2873,,6108,,0.0456778,,,,,,,,,,
2022-03-01,466,,1802,348771,70934,157110,31673,60151,28514,389,523,,83,,0,,2873,,5831,,0.079917681,,,,,,,,,,
2022-03-02,442,,1802,349213,71003,157221,31771,60256,28573,389,517,,73,,10,,2883,,6928,,0.063799076,,,,,,,,,,
2022-03-03,391,,1802,349604,71046,157309,31856,60356,28648,389,511,,79,,13,,2896,,7074,,0.05527283,,,,,,,,,,
2022-03-04,340,,1803,349944,71087,157380,31921,60469,28698,389,484,,69,,8,,2903,,7074,,0.048063331,,,,,,,,,,
2022-03-05,385,,,,,,,,,,,,,,,,,,,,#DIV/0!,,,,,,,,,,
2022-03-06,327,,,,,,,,,,,,,,,,,,,,#DIV/0!,,,,,,,,,,
2022-03-07,285,,1803,350941,71296,157643,32125,60711,28777,389,449,,63,,11,,2914,,3284,,0.086784409,,,,,,,,,,
2022-03-08,254,,1803,351141,71261,157624,32194,60842,28831,389,419,,63,,1,,2915,,4028,,0.06305859,,,,,,,,,,
2022-03-09,274,,1803,351415,71297,157672,32271,60926,28860,389,405,,58,,14,,2929,,5604,,0.048893647,,,,,,,,,,
2022-03-10,336,,1803,351751,71346,157737,32324,61041,28914,389,388,,52,,4,,2932,,6244,,0.053811659,,,,,,,,,,
2022-03-11,288,,1805,352039,71393,157808,32371,61134,28944,389,368,,46,,3,,2935,,5777,,0.049852865,,,,,,,,,,
2022-03-12,280,,,,,,,,,,,,,,,,,,,,#DIV/0!,,,,,,,,,,
2022-03-13,211,,,,,,,,,,,,,,,,,,,,#DIV/0!,,,,,,,,,,
2022-03-14,198,,1805,352728,71559,158021,32473,61284,29002,389,359,,51,,14,,2946,,2458,,0.080553295,,,,,,,,,,
2022-03-15,237,,1805,352965,71599,158091,32507,61353,29026,389,345,,50,,0,,2946,,3836,,0.061783107,,,,,,,,,,
2022-03-16,235,,1812,353139,71559,158091,32537,61535,29049,389,329,,51,,8,,2954,,5477,,0.042906701,,,,,,,,,,
2022-03-17,240,,1812,353379,71611,158138,32578,61601,29083,389,298,,49,,7,,2961,,5276,,0.045489007,,,,,,,,,,
2022-03-18,199,,1811,353578,71626,158172,32621,61673,29097,389,290,,46,,6,,2967,,,,#DIV/0!,,,,,,,,,,
2022-03-19,200,,,,,,,,,,,,,,,,,,,,#DIV/0!,,,,,,,,,,
2022-03-20,170,,,,,,,,,,,,,,,,,,,,#DIV/0!,,,,,,,,,,
2022-03-21,136,,1811,354084,71700,168286,32719,61841,29149,389,271,,49,,8,,2974,,2918,,0.046607265,,,,,,,,,,
2022-03-22,250,,1812,354334,71743,158319,32773,61939,29170,390,254,,48,,0,,2974,,3552,,0.070382883,,,,,,,,,,
2022-03-23,269,,1812,354603,71794,158368,32826,62012,29213,390,258,,49,,1,,2975,,4641,,0.057961646,,,,,,,,,,
2022-03-24,271,,1812,354874,71824,158422,32886,62108,29244,390,255,,52,,6,,2981,,4913,,0.05515978,,,,,,,,,,
2022-03-25,218,,1812,355092,71852,158467,32933,62188,29262,390,260,,50,,2,,2983,,4752,,0.045875421,,,,,,,,,,
2022-03-26,207,,,,,,,,,,,,,,,13,,,,,#DIV/0!,,,,,,,,,,
2022-03-27,197,,,,,,,,,,,,,,,,,,,,#DIV/0!,,,,,,,,,,
2022-03-28,152,,1813,355648,71961,158577,33084,62332,29304,390,288,,48,,0,,2989,,2795,,0.054382826,,,,,,,,,,
2022-03-29,287,,1813,355935,72028,158652,33147,62393,29325,390,273,,46,,1,,2990,,3521,,0.081510934,,,,,,,,,,
2022-03-30,291,,1813,356252,72081,158712,33204,62495,29344,390,276,,43,,6,,2996,,5045,,0.057680872,,,,,,,,,,
2022-03-31,249,,1814,356501,72121,158744,33277,62583,29386,390,281,,42,,2,,2998,,5225,,0.047655502,,,,,,,,,,
2022-04-01,271,,1813,356772,72158,158811,33320,62680,29413,390,274,,35,,4,,3002,,4756,,0.056980656,,,,,,,,,,
2022-04-02,274,,,,,,,,,,,230,,,,20,,,,,#DIV/0!,,,,,,,,,,
2022-04-03,199,1703,,,,,,,,,,,,,,,,,,,#DIV/0!,,,,,,,,,,
2022-04-04,255,,,357500,72309,159029,33474,62848,29449,391,321,,36,,,,,,,,#DIV/0!,"Note: The numbers of total and new cases are provisional and will be updated when verified in the weekly report starting Thursday, April 7, 2022.An update on number of deaths related to COVID-19 will be provided on Thursday, April 7, 2022.",,,,,,,,,
2022-04-05,258,,,357758,72346,159105,33523,62933,29460,391,334,,35,,,,,,,,#DIV/0!,"Note: The numbers of total and new cases are provisional and will be updated when verified in the weekly report starting Thursday, April 7, 2022.An update on number of deaths related to COVID-19 will be provided on Thursday, April 7, 2022.",,,,,,,,,
2022-04-06,,,,,,,,,,,,,,,,,,,,,#DIV/0!,"Note: The numbers of total and new cases are provisional and will be updated when verified in the weekly report starting Thursday, April 7, 2022.An update on number of deaths related to COVID-19 will be provided on Thursday, April 7, 2022.",,,,,,,,,
2022-04-07,,,,357242,72259,158933,33435,62781,29443,391,324,,38,,11,,3004,,29240,,0,"transitioning from daily to weekly reporting; ""currently hospitalized"" and ""ICU"" will be for the day of report",,,,,,,,,
2022-04-08,,,,,,,,,,,,,,,,,,,,,#DIV/0!,,,,,,,,,,
2022-04-09,,1770,,359002,72566,159441,33754,63300,29550,391,,233,,,,23,3036,,29532,,0.059934986,,,,,,,,,,
2022-04-10,,,,,,,,,,,,,,,,,,,,,#DIV/0!,,,,,,,,,,
2022-04-11,,,,,,,,,,,,,,,,,,,,,#DIV/0!,,,,,,,,,,
2022-04-12,,,,,,,,,,,,,,,,,,,,,#DIV/0!,,,,,,,,,,
2022-04-13,,,,,,,,,,,,,,,,,,,,,#DIV/0!,,,,,,,,,,
2022-04-14,,,,,,,,,,,364,,36,,,,,,,,#DIV/0!,,,,,,,,,,
2022-04-15,,,,,,,,,,,,,,,,,,,,,#DIV/0!,,,,,,,,,,
2022-04-16,April 10-16,2036,,361034,72897,160020,34133,63896,29697,391,,238,,,,27,3077,,26872,,#VALUE!,,,,,,,,,,
2022-04-17,,,,,,,,,,,,,,,,,,,,,#DIV/0!,,,,,,,,,,
2022-04-18,,,,,,,,,,,,,,,,,,,,,#DIV/0!,,,,,,,,,,
2022-04-19,,,,,,,,,,,,,,,,,,,,,#DIV/0!,,,,,,,,,,
2022-04-20,,,,,,,,,,,,,,,,,,,,,#DIV/0!,,,,,,,,,,
2022-04-21,,,,,,,,,,,485,,38,,,,,,,,#DIV/0!,,,,,,,,,,
2022-04-22,,,,,,,,,,,,,,,,,,,,,#DIV/0!,,,,,,,,,,
2022-04-23,April 17-23,2276,,363302,73266,160852,34506,64472,29815,391,,418,,,,,,,26923,,#VALUE!,,,,,,,,,,
2022-04-24,,,,,,,,,,,,,,,,,,,,,#DIV/0!,,,,,,,,,,
2022-04-25,,,,,,,,,,,,,,,,,,,,,#DIV/0!,,,,,,,,,,
2022-04-26,,,,,,,,,,,,,,,,,,,,,#DIV/0!,,,,,,,,,,
2022-04-27,,,,,,,,,,,,,,,,,,,,,#DIV/0!,,,,,,,,,,
2022-04-28,,,,,,,,,,,570,,47,,,42,3147,,,,#DIV/0!,,,,,,,,,,
2022-04-29,,,,,,,,,,,,,,,,,,,,,#DIV/0!,,,,,,,,,,
2022-04-30,april 24-30,2283,,365577,73648,161720,34884,64991,29943,391,,375,,,,50,3226,,,,,,,,,,,,,,
2022-05-01,,,,,,,,,,,,,,,,,,,,,,,,,,,,,,,
2022-05-02,,,,,,,,,,,,,,,,,,,,,,,,,,,,,,,
2022-05-03,,,,,,,,,,,,,,,,,,,,,,,,,,,,,,,
2022-05-04,,,,,,,,,,,,,,,,,,,,,,,,,,,,,,,
2022-05-05,,,,,,,,,,,550,,39,,,,,,27127,,,,,,,,,,,,
2022-05-06,,,,,,,,,,,,,,,,,,,,,,,,,,,,,,,
2022-05-07,,1987,,367559,,,,,,,,331,,,,59,3307,,,,,,,,,,,,,,
2022-05-08,,,,,,,,,,,,,,,,,,,,,,,,,,,,,,,
2022-05-09,,,,,,,,,,,,,,,,,,,,,,,,,,,,,,,
2022-05-10,,,,,,,,,,,,,,,,,,,,,,,,,,,,,,,
2022-05-11,,,,,,,,,,,,,,,,,,,,,,,,,,,,,,,
2022-05-12,,,,,73975,162462,35256,65435,30040,391,596,,54,,,,,,25496,,,,,,,,,,,,
2022-05-13,,,,,,,,,,,,,,,,,,,,,,,,,,,,,,,
2022-05-14,,,,,,,,,,,,,,,,,,,,,,,,,,,,,,,
2022-05-15,,,,,,,,,,,,,,,,,,,,,,,,,,,,,,,
2022-05-16,,,,,,,,,,,,,,,,,,,,,,,,,,,,,,,
2022-05-17,,,,,,,,,,,,,,,,,,,,,,,,,,,,,,,
2022-05-18,,,,,,,,,,,,,,,,,,,,,,,,,,,,,,,
2022-05-19,,,,,,,,,,,,,,,,,,,,,,,,,,,,,,,
2022-05-20,,,,,,,,,,,,,,,,,,,,,,,,,,,,,,,
2022-05-21,,1358,,370559,74596,163515,35753,66085,30219,391,,,,,,42,3469,,,,,,,,,,,,,,
2022-05-22,,,,,,,,,,,,,,,,,,,,,,,,,,,,,,,
2022-05-23,,,,,,,,,,,,,,,,,,,,,,,,,,,,,,,
2022-05-24,,,,,,,,,,,,,,,,,,,,,,,,,,,,,,,
2022-05-25,,,,,,,,,,,,,,,,,,,,,,,,,,,,,,,
2022-05-26,,,,,,,,,,,473,,42,,,,,,22210,,,,,,,,,,,,
2022-05-27,,,,,,,,,,,,,,,,,,,,,,,,,,,,,,,
2022-05-28,,1163,,371720,,,,,,,,,,,,44,3547,,20182,,,,,,,,,,,,
2022-05-29,,,,,,,,,,,,,,,,,,,,,,,,,,,,,,,
2022-05-30,,,,,,,,,,,,,,,,,,,,,,,,,,,,,,,
2022-05-31,,,,,,,,,,,,,,,,,,,,,,,,,,,,,,,
2022-06-01,,,,,,,,,,,,421,41,,,,,,,,,,,,,,,,,,
2022-06-02,,,,,,,,,,,,,,,,,,,,,,,,,,,,,,,
2022-06-03,,,,,,,,,,,,,,,,,,,,,,,,,,,,,,,
2022-06-04,,895,,372611,75085,164254,36100,66451,30330,391,,,,,,43,3614,,19929,,,,,,,,,,,,
2022-06-05,,,,,,,,,,,,,,,,,,,,,,,,,,,,,,,
2022-06-06,,,,,,,,,,,,,,,,,,,,,,,,,,,,,,,
2022-06-07,,,,,,,,,,,,,,,,,,,,,,,,,,,,,,,
2022-06-08,,,,,,,,,,,325,,28,,,,,,,,,,,,,,,,,,
2022-06-09,,,,,,,,,,,,,,,,,,,,,,,,,,,,,,,
2022-06-10,,,,,,,,,,,,,,,,,,,,,,,,,,,,,,,
2022-06-11,,,,,,,,,,,,,,,,,,,,,,,,,,,,,,,
2022-06-12,,,,,,,,,,,,,,,,,,,,,,,,,,,,,,,
2022-06-13,,,,,,,,,,,,,,,,,,,,,,,,,,,,,,,
2022-06-14,,,,,,,,,,,,,,,,,,,,,,,,,,,,,,,
2022-06-15,,,,,,,,,,,,,,,,,,,,,,,,,,,,,,,
2022-06-16,,,,,,,,,,,,,,,,,,,,,,,,,,,,,,,
2022-06-17,,,,,,,,,,,,,,,,,,,,,,,,,,,,,,,
2022-06-18,,642,,373974,,,,,,,,,,,26,,3722,,12215,,,,,,,,,,,,
2022-06-19,,,,,,,,,,,,,,,,,,,,,,,,,,,,,,,
2022-06-20,,,,,,,,,,,,,,,,,,,,,,,,,,,,,,,
2022-06-21,,,,,,,,,,,,,,,,,,,,,,,,,,,,,,,
2022-06-22,,,,,,,,,,,,,,,,,,,,,,,,,,,,,,,
2022-06-23,,,,,,,,,,,273,,28,,,,,,,,,,,,,,,,,,
2022-06-24,,,,,,,,,,,,,,,,,,,,,,,,,,,,,,,
2022-06-25,,,,,,,,,,,,,,,,,,,,,,,,,,,,,,,
2022-06-26,,,,,,,,,,,,,,,,,,,,,,,,,,,,,,,
2022-06-27,,,,,,,,,,,,,,,,,,,,,,,,,,,,,,,
2022-06-28,,,,,,,,,,,,,,,,,,,,,,,,,,,,,,,
2022-06-29,,,,,,,,,,,,,,,,,,,,,,,,,,,,,,,
2022-06-30,,,,,,,,,,,,,,,,,,,,,,,,,,,,,,,
2022-07-01,,,,,,,,,,,,,,,,,,,,,,,,,,,,,,,
2022-07-02,,765,,375357,,,,,,,,,,,24,,3788,,12104,,,,,,,,,,,,
2022-07-03,,,,,,,,,,,,,,,,,,,,,,,,,,,,,,,
2022-07-04,,,,,,,,,,,,,,,,,,,,,,,,,,,,,,,
2022-07-05,,,,,,,,,,,,,,,,,,,,,,,,,,,,,,,
2022-07-06,,,,,,,,,,,,,,,,,,,,,,,,,,,,,,,
2022-07-07,,,,,,,,,,,369,,36,,,,,,,,,,,,,,,,,,
2022-07-08,,,,,,,,,,,,,,,,,,,,,,,,,,,,,,,
2022-07-09,,,,,,,,,,,,,,,,,,,,,,,,,,,,,,,
2022-07-10,,,,,,,,,,,,,,,,,,,,,,,,,,,,,,,
2022-07-11,,,,,,,,,,,,,,,,,,,,,,,,,,,,,,,
2022-07-12,,,,,,,,,,,,,,,,,,,,,,,,,,,,,,,
2022-07-13,,,,,,,,,,,,,,,,,,,,,,,,,,,,,,,
2022-07-14,,,,,,,,,,,,,,,,,,,,,,,,,,,,,,,
2022-07-15,,,,,,,,,,,,,,,,,,,,,,,,,,,,,,,
2022-07-16,,1044,,377372,,,,,,,,,,,21,,3855,,11194,,,,,,,,,,,,
2022-07-17,,,,,,,,,,,,,,,,,,,,,,,,,,,,,,,
2022-07-18,,,,,,,,,,,,,,,,,,,,,,,,,,,,,,,
2022-07-19,,,,,,,,,,,,,,,,,,,,,,,,,,,,,,,
2022-07-20,,,,,,,,,,,,,,,,,,,,,,,,,,,,,,,
2022-07-21,,,,,,,,,,,406,,30,,,,,,,,,,,,,,,,,,
2022-07-22,,,,,,,,,,,,,,,,,,,,,,,,,,,,,,,
2022-07-23,,,,,,,,,,,,,,,,,,,,,,,,,,,,,,,
2022-07-24,,,,,,,,,,,,,,,,,,,,,,,,,,,,,,,
2022-07-25,,,,,,,,,,,,,,,,,,,,,,,,,,,,,,,
2022-07-26,,,,,,,,,,,,,,,,,,,,,,,,,,,,,,,
2022-07-27,,,,,,,,,,,,,,,,,,,,,,,,,,,,,,,
2022-07-28,,,,,,,,,,,,,,,,,,,,,,,,,,,,,,,
2022-07-29,,,,,,,,,,,,,,,,,,,,,,,,,,,,,,,
2022-07-30,,983,,379274,,,,,,,,,,,,28,3940,,14324,,,,,,,,,,,,
2022-07-31,,,,,,,,,,,,,,,,,,,,,,,,,,,,,,,
2022-08-01,,,,,,,,,,,,,,,,,,,,,,,,,,,,,,,
2022-08-02,,,,,,,,,,,,,,,,,,,,,,,,,,,,,,,
2022-08-03,,,,,,,,,,,,,,,,,,,,,,,,,,,,,,,
2022-08-04,,,,,,,,,,,410,,38,,,,,,,,,,,,,,,,,,
2022-08-05,,,,,,,,,,,,,,,,,,,,,,,,,,,,,,,
2022-08-06,,,,,,,,,,,,,,,,,,,,,,,,,,,,,,,
2022-08-07,,,,,,,,,,,,,,,,,,,,,,,,,,,,,,,
2022-08-08,,,,,,,,,,,,,,,,,,,,,,,,,,,,,,,
2022-08-09,,,,,,,,,,,,,,,,,,,,,,,,,,,,,,,
2022-08-10,,,,,,,,,,,,,,,,,,,,,,,,,,,,,,,
2022-08-11,,,,,,,,,,,,,,,,,,,,,,,,,,,,,,,
2022-08-12,,,,,,,,,,,,,,,,,,,,,,,,,,,,,,,
2022-08-13,,877,,381049,,,,,,,,,,,,24,4037,,17004,,,,,,,,,,,,
2022-08-14,,,,,,,,,,,,,,,,,,,,,,,,,,,,,,,
2022-08-15,,,,,,,,,,,,,,,,,,,,,,,,,,,,,,,
2022-08-16,,,,,,,,,,,,,,,,,,,,,,,,,,,,,,,
2022-08-17,,,,,,,,,,,,,,,,,,,,,,,,,,,,,,,
2022-08-18,,,,,,,,,,,390,,22,,,,,,,,,,,,,,,,,,
2022-08-19,,,,,,,,,,,,,,,,,,,,,,,,,,,,,,,
2022-08-20,,737,,381788,,,,,,,,,,,,33,4097,,15604,,,,,,,,,,,,
2022-08-21,,,,,,,,,,,,,,,,,,,,,,,,,,,,,,,
2022-08-22,,,,,,,,,,,,,,,,,,,,,,,,,,,,,,,
2022-08-23,,,,,,,,,,,,,,,,,,,,,,,,,,,,,,,
2022-08-24,,,,,,,,,,,,,,,,,,,,,,,,,,,,,,,
2022-08-25,,,,,,,,,,,331,,29,,,,,,,,,,,,,,,,,,
2022-08-26,,,,,,,,,,,,,,,,,,,,,,,,,,,,,,,
2022-08-27,,,,,,,,,,,,,,,,,,,,,,,,,,,,,,,
2022-08-28,,,,,,,,,,,,,,,,,,,,,,,,,,,,,,,
2022-08-29,,,,,,,,,,,,,,,,,,,,,,,,,,,,,,,
2022-08-30,,,,,,,,,,,,,,,,,,,,,,,,,,,,,,,
2022-08-31,,,,,,,,,,,,,,,,,,,,,,,,,,,,,,,
2022-09-01,,,,,,,,,,,,,,,,,,,,,,,,,,,,,,,
2022-09-02,,,,,,,,,,,,,,,,,,,,,,,,,,,,,,,
2022-09-03,,617,,383054,,,,,,,,,,,,22,4183,,14485,,,,,,,,,,,,
2022-09-04,,,,,,,,,,,,,,,,,,,,,,,,,,,,,,,
2022-09-05,,,,,,,,,,,,,,,,,,,,,,,,,,,,,,,
2022-09-06,,,,,,,,,,,,,,,,,,,,,,,,,,,,,,,
2022-09-07,,,,,,,,,,,,,,,,,,,,,,,,,,,,,,,
2022-09-08,,,,,,,,,,,324,,22,,,,,,,,,,,,,,,,,,
2022-09-09,,,,,,,,,,,,,,,,,,,,,,,,,,,,,,,
2022-09-10,,,,,,,,,,,,,,,,,,,,,,,,,,,,,,,
2022-09-11,,,,,,,,,,,,,,,,,,,,,,,,,,,,,,,
2022-09-12,,,,,,,,,,,,,,,,,,,,,,,,,,,,,,,
2022-09-13,,,,,,,,,,,,,,,,,,,,,,,,,,,,,,,
2022-09-14,,,,,,,,,,,,,,,,,,,,,,,,,,,,,,,
2022-09-15,,,,,,,,,,,,,,,,,,,,,,,,,,,,,,,
2022-09-16,,,,,,,,,,,,,,,,,,,,,,,,,,,,,,,
2022-09-17,,637,,384266,,,,,,,,,,,,22,4253,,15724,,,,,,,,,,,,
2022-09-18,,,,,,,,,,,,,,,,,,,,,,,,,,,,,,,
2022-09-19,,,,,,,,,,,,,,,,,,,,,,,,,,,,,,,
2022-09-20,,,,,,,,,,,,,,,,,,,,,,,,,,,,,,,
2022-09-21,,,,,,,,,,,,,,,,,,,,,,,,,,,,,,,
2022-09-22,,,,,,,,,,,305,,22,,,,,,,,,,,,,,,,,,
2022-09-23,,,,,,,,,,,,,,,,,,,,,,,,,,,,,,,
2022-09-24,,,,,,,,,,,,,,,,,,,,,,,,,,,,,,,
2022-09-25,,,,,,,,,,,,,,,,,,,,,,,,,,,,,,,
2022-09-26,,,,,,,,,,,,,,,,,,,,,,,,,,,,,,,
2022-09-27,,,,,,,,,,,,,,,,,,,,,,,,,,,,,,,
2022-09-28,,,,,,,,,,,,,,,,,,,,,,,,,,,,,,,
2022-09-29,,,,,,,,,,,,,,,,,,,,,,,,,,,,,,,
2022-09-30,,,,,,,,,,,,,,,,,,,,,,,,,,,,,,,
2022-10-01,,697,,385599,,,,,,,,,,,,19,4321,,11511,,,,,,,,,,,,
2022-10-02,,,,,,,,,,,,,,,,,,,,,,,,,,,,,,,
2022-10-03,,,,,,,,,,,,,,,,,,,,,,,,,,,,,,,
2022-10-04,,,,,,,,,,,,,,,,,,,,,,,,,,,,,,,
2022-10-05,,,,,,,,,,,,,,,,,,,,,,,,,,,,,,,
2022-10-06,,,,,,,,,,,369,,29,,,,,,,,,,,,,,,,,,
2022-10-07,,,,,,,,,,,,,,,,,,,,,,,,,,,,,,,
2022-10-08,,,,,,,,,,,,,,,,,,,,,,,,,,,,,,,
2022-10-09,,,,,,,,,,,,,,,,,,,,,,,,,,,,,,,
2022-10-10,,,,,,,,,,,,,,,,,,,,,,,,,,,,,,,
2022-10-11,,,,,,,,,,,,,,,,,,,,,,,,,,,,,,,
2022-10-12,,,,,,,,,,,,,,,,,,,,,,,,,,,,,,,
2022-10-13,,,,,,,,,,,,,,,,,,,,,,,,,,,,,,,
2022-10-14,,,,,,,,,,,,,,,,,,,,,,,,,,,,,,,
2022-10-15,,,,,,,,,,,,,,,,,,,,,,,,,,,,,,,
2022-10-16,,,,,,,,,,,,,,,,,,,,,,,,,,,,,,,
2022-10-17,,,,,,,,,,,,,,,,,,,,,,,,,,,,,,,
2022-10-18,,,,,,,,,,,,,,,,,,,,,,,,,,,,,,,
2022-10-19,,,,,,,,,,,,,,,,,,,,,,,,,,,,,,,
2022-10-20,,,,,,,,,,,,,,,,,,,,,,,,,,,,,,,
2022-10-21,,,,,,,,,,,,,,,,,,,,,,,,,,,,,,,
2022-10-22,,534,,387451,,,,,,,,,,,44,,4485,,6517,,,,,,,,,,,,
2022-10-23,,,,,,,,,,,,,,,,,,,,,,,,,,,,,,,
2022-10-24,,,,,,,,,,,,,,,,,,,,,,,,,,,,,,,
2022-10-25,,,,,,,,,,,,,,,,,,,,,,,,,,,,,,,
2022-10-26,,,,,,,,,,,,,,,,,,,,,,,,,,,,,,,
2022-10-27,,,,,78472,169366,38900,69088,31234,391,292,,20,,,,,,,,,,,,,,,,,,
2022-10-28,,,,,,,,,,,,,,,,,,,,,,,,,,,,,,,
2022-10-29,,,,,,,,,,,,,,,,,,,,,,,,,,,,,,,
2022-10-30,,,,,,,,,,,,,,,,,,,,,,,,,,,,,,,
2022-10-31,,,,,,,,,,,,,,,,,,,,,,,,,,,,,,,
2022-11-01,,,,,,,,,,,,,,,,,,,,,,,,,,,,,,,
2022-11-02,,,,,,,,,,,,,,,,,,,,,,,,,,,,,,,
2022-11-03,,,,,,,,,,,,,,,,,,,,,,,,,,,,,,,
2022-11-04,,,,,,,,,,,,,,,,,,,,,,,,,,,,,,,
2022-11-05,,,,,,,,,,,,,,,,,,,,,,,,,,,,,,,
2022-11-06,,,,,,,,,,,,,,,,,,,,,,,,,,,,,,,
2022-11-07,,,,,,,,,,,,,,,,,,,,,,,,,,,,,,,
2022-11-08,,,,,,,,,,,,,,,,,,,,,,,,,,,,,,,
2022-11-09,,,,,,,,,,,,,,,,,,,,,,,,,,,,,,,
2022-11-10,,,,,,,,,,,,,,,,,,,,,,,,,,,,,,,
2022-11-11,,,,,,,,,,,,,,,,,,,,,,,,,,,,,,,
2022-11-12,,,,,,,,,,,,,,,,,,,,,,,,,,,,,,,
2022-11-13,,,,,,,,,,,,,,,,,,,,,,,,,,,,,,,
2022-11-14,,,,,,,,,,,,,,,,,,,,,,,,,,,,,,,
2022-11-15,,,,,,,,,,,,,,,,,,,,,,,,,,,,,,,
2022-11-16,,,,,,,,,,,,,,,,,,,,,,,,,,,,,,,
2022-11-17,,,,,,,,,,,,,,,,,,,,,,,,,,,,,,,
2022-11-18,,,,,,,,,,,,,,,,,,,,,,,,,,,,,,,
2022-11-19,,,,,,,,,,,,,,,,,,,,,,,,,,,,,,,
2022-11-20,,,,,,,,,,,,,,,,,,,,,,,,,,,,,,,
2022-11-21,,,,,,,,,,,,,,,,,,,,,,,,,,,,,,,
2022-11-22,,,,,,,,,,,,,,,,,,,,,,,,,,,,,,,
2022-11-23,,,,,,,,,,,,,,,,,,,,,,,,,,,,,,,
2022-11-24,,,,,,,,,,,,,,,,,,,,,,,,,,,,,,,
2022-11-25,,,,,,,,,,,,,,,,,,,,,,,,,,,,,,,
2022-11-26,,,,,,,,,,,,,,,,,,,,,,,,,,,,,,,
2022-11-27,,,,,,,,,,,,,,,,,,,,,,,,,,,,,,,
2022-11-28,,,,,,,,,,,,,,,,,,,,,,,,,,,,,,,
2022-11-29,,,,,,,,,,,,,,,,,,,,,,,,,,,,,,,
2022-11-30,,,,,,,,,,,,,,,,,,,,,,,,,,,,,,,
2022-12-01,,,,,,,,,,,,,,,,,,,,,,,,,,,,,,,
2022-12-02,,,,,,,,,,,,,,,,,,,,,,,,,,,,,,,
2022-12-03,,,,,,,,,,,,,,,,,,,,,,,,,,,,,,,
2022-12-04,,,,,,,,,,,,,,,,,,,,,,,,,,,,,,,
2022-12-05,,,,,,,,,,,,,,,,,,,,,,,,,,,,,,,
2022-12-06,,,,,,,,,,,,,,,,,,,,,,,,,,,,,,,
2022-12-07,,,,,,,,,,,,,,,,,,,,,,,,,,,,,,,
2022-12-08,,,,,,,,,,,,,,,,,,,,,,,,,,,,,,,
2022-12-09,,,,,,,,,,,,,,,,,,,,,,,,,,,,,,,
2022-12-10,,,,,,,,,,,,,,,,,,,,,,,,,,,,,,,
2022-12-11,,,,,,,,,,,,,,,,,,,,,,,,,,,,,,,
2022-12-12,,,,,,,,,,,,,,,,,,,,,,,,,,,,,,,
2022-12-13,,,,,,,,,,,,,,,,,,,,,,,,,,,,,,,
2022-12-14,,,,,,,,,,,,,,,,,,,,,,,,,,,,,,,
2022-12-15,,,,,,,,,,,,,,,,,,,,,,,,,,,,,,,
2022-12-16,,,,,,,,,,,,,,,,,,,,,,,,,,,,,,,
2022-12-17,,,,,,,,,,,,,,,,,,,,,,,,,,,,,,,
2022-12-18,,,,,,,,,,,,,,,,,,,,,,,,,,,,,,,
2022-12-19,,,,,,,,,,,,,,,,,,,,,,,,,,,,,,,
2022-12-20,,,,,,,,,,,,,,,,,,,,,,,,,,,,,,,
2022-12-21,,,,,,,,,,,,,,,,,,,,,,,,,,,,,,,
2022-12-22,,,,,,,,,,,,,,,,,,,,,,,,,,,,,,,
2022-12-23,,,,,,,,,,,,,,,,,,,,,,,,,,,,,,,
2022-12-24,,,,,,,,,,,,,,,,,,,,,,,,,,,,,,,
2022-12-25,,,,,,,,,,,,,,,,,,,,,,,,,,,,,,,
2022-12-26,,,,,,,,,,,,,,,,,,,,,,,,,,,,,,,
2022-12-27,,,,,,,,,,,,,,,,,,,,,,,,,,,,,,,
2022-12-28,,,,,,,,,,,,,,,,,,,,,,,,,,,,,,,
2022-12-29,,,,,,,,,,,,,,,,,,,,,,,,,,,,,,,
2022-12-30,,,,,,,,,,,,,,,,,,,,,,,,,,,,,,,
2022-12-31,,,,,,,,,,,,,,,,,,,,,,,,,,,,,,,
2023-01-01,,,,,,,,,,,,,,,,,,,,,,,,,,,,,,,
2023-01-02,,,,,,,,,,,,,,,,,,,,,,,,,,,,,,,